grupo,categoria,Titulo,Fecha_inicio,Fecha_Fin,Descripcion
URBANITAS,Estrategias Pedagógicas para el fomento a la CTI,"Encuentro de diferentes entidades gubernamentales y sociales del sector educativo y de salud, donde el tema principal es la prevención del embarazo adolescente, en el marco de la Semana Andina de la prevención del embarazo adolescente y juvenil. Allí se e",Septiembre 2019,Septiembre 2019,"Encuentro de medios comunitarios y comerciales de comunicación, sobre el manejo comunicativo e informativo del embrazo adolescente en los medios de comunicación."
URBANITAS,Estrategias Pedagógicas para el fomento a la CTI,Encuentro Experiencias de Adolescentes y Jóvenes en la prevención del Embarazo Adolescente,Septiembre 2019,Septiembre 2019,"Encuentro de diferentes entidades gubernamentales y sociales del sector educativo y de salud, donde el tema principal es la prevención del embarazo adolescente, en el marco de la Semana Andina de la prevención del embarazo adolescente y juvenil. Allí se expusieron diferentes experiencias y proyectos de intervención social en diferentes comunidades de la ciudad."
URBANITAS,Estrategias Pedagógicas para el fomento a la CTI,"eBookcamp Colombia. Preproducción, producción y postproducción de libros digitales",Octubre 2016,Octubre 2016,"El objetivo principal de la estrategia pedagógica fue: ¿Dar a conocer de una manera dinámica y novedosa los avances tecnológicos que encierran la nueva era digital, que a su vez permiten la vivencia de la literatura de una manera moderna¿. El evento estuvo dirigido a personas interesadas en todos los avances tecnológicos que influyan directamente en la producción de libros digitales, así como comunicadores sociales, publicistas, diseñadores, ilustradores, ingenieros programadores, bibliotecólogos, editores, fotógrafos, realizadores audiovisuales, escritores, académicos, entre otros.,,Como estrategia pedagógica eBookcamp se desarrolló así: creación de Website para información general y suscripción en línea, redes sociales para publicidad y fidelización de asistentes, una convocatoria abierta y gratuita para asistentes, previa inscripción, convocatoria para ponentes expertos en los temas desde las universidades y las empresas que diseñan libros, y el desarrollo de una metodología de conferencia tipo TED, charlas de 20 a 30 minutos acompañado de ayudas visuales y  un libro de memorias para la publicación de las ponencias.,,eBookcamp es resultado de la investigación: ¿Literacidad electrónica: experiencias de lectura e inclusión de dispositivos electrónicos en bibliotecas¿ y en él participaron 11 ponentes expertos en libros digitales, así: cuatro docentes de la Universidad Católica Luis Amigó, la Coordinadora del Fondo Editorial Luis Amigó, el Decano de la Facultad de Facultad de Comunicación social, Publicidad y Diseño, expertos de empresas de Medellín, integrantes del Sistema de Bibliotecas Públicas de Medellín, un docente de la Universidad Javeriana de Cali, entre otros"
URBANITAS,Estrategias Pedagógicas para el fomento a la CTI,Cátedra Abierta de la Mesa de Bibliotecas de Instituciones de Educación Superior de Antioquia:  literacidad electrónica y experiencias de lectura,Noviembre 2015,Noviembre 2015,"Participación como ponente del tema Literacidad electrónica y experiencias de lectura en la Cátedra Abierta de la Mesa de Bibliotecas de Instituciones de Educación Superior de Antioquia.,En esta charla se compartió información derivada del proyecto de investigación Literacidad electrónica: experiencias de lectura e inclusión de dispositivos electrónicos en bilbiotecas"
FARMACODEPENDENCIA Y OTRAS ADICCIONES,Estrategias Pedagógicas para el fomento a la CTI,Tecnicas de comunicación asertiva y buen trato al personal de inspeccionados,Septiembre 2020,Septiembre 2020,"Mejorar las relaciones interpersonales en pro de una comunicación efectiva que permita el cumplimiento de la misión de la inspección, con el fundamento en los principios del respeto y buen trato en las inspecciones especiales o revistas formales."
FARMACODEPENDENCIA Y OTRAS ADICCIONES,Estrategias Pedagógicas para el fomento a la CTI,Semillero Adicciones y Salud Mental,Enero 2019,Diciembre 2019,"Desarrollo de actividades de investigación formativa, en el marco del proyecto procesamiento cognitivo en el trastorno dismórfico corporal"
FARMACODEPENDENCIA Y OTRAS ADICCIONES,Estrategias Pedagógicas para el fomento a la CTI,Programa de Doctorado en Estudios interdiscilplinarios en Psicología,Junio 2017,Diciembre 2017,"Existe una necesidad de formación de doctores en el área de la psicología en Colombia y especialmente en la región, afirmación que se verá argumentada a lo largo del escrito, pero a modo de síntesis, se podría decir: en primer lugar, hay un alto número de profesionales y escasos magísteres graduados (Colegio Colombiano de Psicólogos [Colpsic], 2012), nivel de formación que al igual que el doctorado tiene a la investigación como fundamento. Se entiende que los doctores, por su capacidad para resolver problemas a través de la investigación, contribuyen al bienestar de un país, al poner la ciencia al servicio del desarrollo social y económico del mismo.,En segundo lugar, y acorde con el desarrollo económico del país, un doctor tiene mayores oportunidades de empleo y posibilita el incremento de la innovación, la modernización de las instituciones y de su productividad económica, como lo muestra el caso de Portugal, que ha evidenciado un progreso significativo después de que se fomentara la inversión pública en ciencia y tecnología e igualmente ha logrado disminuir la fuga de cerebros (Heitor, Horta y Mendonça, 2014, p. 7). En ese mismo sentido apuntan las investigaciones sobre la economía de China, que han hallado que la educación posgradual tiene un impacto duradero más positivo que la educación primaria y secundaria (Zhang & Zhuang, 2011)."
FARMACODEPENDENCIA Y OTRAS ADICCIONES,Estrategias Pedagógicas para el fomento a la CTI,"Semillero de Investigación ""Psicología Relacional""",Febrero 2017,Noviembre 2020,"Coordinador del semillero de Investigación para :,Acompañar y guiar a los estudiantes en el proceso de formación (proyectos y,actividades investigativas) y ser el delegado del semillero ante los órganos o,asuntos que lo requieran.,2) Facilitar la conformación del semillero y su sostenibilidad a partir de los,productos de investigación.,3) Velar por el cumplimiento de las acciones propias del semillero y definir un,plan de desarrollo del semillero, a mediano y largo plazo.,4) Asegurar la idoneidad de los participantes en el semillero.,5) Fortalecer las competencias investigativas en los estudiantes y/o graduados,interesados, a partir del análisis de estrategias metodológicas y académicas,propias del saber específico."
FARMACODEPENDENCIA Y OTRAS ADICCIONES,Estrategias Pedagógicas para el fomento a la CTI,Red de Programas Universitarios en Familia,Enero 2012,,A la RED DE PROGRAMAS UNIVERSITARIOS EN FAMILIA - NODO ANTIOQUIA pertenecen Instituciones de Educación Superior que poseen programas académicos en Familia.  En la actualidad esta Red se encuentra bajo la Coordinación de la PhD. Diana María González Bedoya investigadora-psicóloga-terapeuta de familia y magíster en Educación y Desarrollo Humano.  Contacto: diana.gonzalez72@tdea.edu.co y dimagobe@yahoo.es
AYELEN,Estrategias Pedagógicas para el fomento a la CTI,"Semillero de investigación en temáticas de infancia, adolescencia y familia",Febrero 2019,,"El Semillero de investigación en temáticas de infancia, adolescencia y familia es un grupo de trabajo interdisciplinario adscrito a la línea de investigación familia, niñez y sociedad de la facultad de psicología y ciencias sociales de la Universidad Católica Luis Amigó en el Centro Regional Bogotá; conformado por docentes, estudiantes y egresados que centran su quehacer en desarrollar el campo de la investigación formativa en temas propios y próximos a la infancia, la adolescencia y la familia, a través de una adecuada articulación académica y producción de la más alta calidad. La responsabilidad encomendada se encuentra al servicio de la sociedad en general, para que participe conjuntamente de las políticas, programas y proyectos que se ejecutan directamente o con alianzas estratégicas para dar respuesta ante las necesidades vigentes."
AYELEN,Estrategias Pedagógicas para el fomento a la CTI,Semillero Formadores en investigación de adicciones y ambientes familiares,Noviembre 2018,,"El semillero de Formadores en investigación de adicciones y ambientes familiares,busca promover la investigación formativa en estudiantes del Programa Académico de la facultad de psicología regional Bogotá, para ir fortaleciendo y creando en sus participantes nuevas competencias, capacidades y estrategias que atiendan la población consumidora de sustancias psicoactivas y otras adicciones, desde la prevención, la atención integral y la promoción de estilos de vida saludable"
AYELEN,Estrategias Pedagógicas para el fomento a la CTI,Semillero de investigación: Investigadores Psicoeducativos,Febrero 2018,,"El semillero Investigadores psicoeducativos desarrolla actividades de investigación formativa relativa a temas propios de la psicología educativa. Durante el año 2018, se abordó el tema de la deserción estudiantil y sus causas en educación superior, y durante el presente año, se trabajará el tema del compromiso académico y los factores que motivan al estudiante a participar de actividades académicas y extracadémicas, destacarse en sus estudios y persistir pese a las dificultades que pueda presentar a lo largo de su carrera. ,,Puntualmente se hará una investigación de compromiso académico en una muestra de estudiantes del programa de psicología presencial de la Universidad Católica Luis Amigó, con el propósito de describir el nivel de compromiso que tienen los estudiantes e identificar aquellas variables que tienen mayor influencia en el fortalecimiento del mismo, así como aquellas que por el contrario lo debilitan o disminuyen."
CALIDAD DE VIDA,Estrategias Pedagógicas para el fomento a la CTI,Semillero Academic Backpackers,Febrero 2018,Noviembre 2018,Investigamos en procesos de comprensión lectora en ingles como segundo idioma.
CALIDAD DE VIDA,Estrategias Pedagógicas para el fomento a la CTI,"Semillero""La Espiga del Derecho""",Febrero 2018,Noviembre 2018,"Fortalecer las competencias básicas en investigación, articulada al proyecto de investigación la enseñanza del Derecho, vale decir, como conocimiento sistematizado y verificable en las normas jurídicas hacia el bien común, fundado en las teorías epistemológicas que la informan como ciencia pura, y caracterizado por ser un sistema jurídico que rige los países del mundo, conforme si es legislado o consuetudinario. El semillero ¿Espiga del Derecho¿ con esta experiencia, Desarrollará competencias investigativas articuladas al proyecto de investigación: ¿la Enseñanza del Derecho¿."
CALIDAD DE VIDA,Estrategias Pedagógicas para el fomento a la CTI,Semillero Medios Audiovisuales en Educación MAE,Enero 2018,Noviembre 2018,"Fomentar el desarrollo de competencias comunicativas así como la participación de un grupo de jóvenes de perteneciente a los programas de preescolar, con el fin de formar en recepción crítica y producción de televisión aplicada en trabajo de aula de forma tal que se propicie la construcción de ciudadanía de manera íntegra, participativa e incluyente en los ambientes escolares de la primera infancia.,,Ganadores del Encuentro Nacional de Semilleros de Investigación de la Luis Amigó 2018. Con la Investigación ""Percepción de la Lúdica en las Instituciones Públicas por parte de los docentes de grado Preescolar de los Municipios de Planeta Rica y Pueblo Nuevo Córdoba"""
ESTUDIOS DE FENOMENOS PSICOSOCIALES,Estrategias Pedagógicas para el fomento a la CTI,Escritura científica (Doctorado),Agosto 2019,Diciembre 2019,"Según la práctica discursiva de investigadores, la escritura científica en la formación de posgrados se caracteriza por dos formas eficaces de producir los textos. La primera es la ¿secuencialista¿, que consiste en reescribir, distribuir la escritura por partes del artículo como un proceso en etapas; la segunda, es la ¿holística¿, que realiza escritos cortos y una vez acabados se integran como un todo de forma continua. También se identifica una forma ineficaz que es preciso evitar, como es la escritura interrumpida o a pausas, según el ¿tiempo libre¿, sin terminar partes, en la que se abandona el escrito por un tiempo y luego se reanuda; de tal modo que, en muchas ocasiones, los autores dejan comenzados, dispersos e incompletos los textos derivados de sus análisis teóricos y de resultados de la tesis."
ESTUDIOS DE FENOMENOS PSICOSOCIALES,Estrategias Pedagógicas para el fomento a la CTI,Escribir para publicar en investigación AFIEV04,Julio 2019,,"Estrategia pedagógica para el fomento a la CTeI denominada:,¿Escribir para publicar en investigación¿, código AFIEV04, modalidad virtual,,que inició el 12 de agosto de 2019 con una vigencia a largo plazo, pues la misma,implica un curso de formación dirigido a estudiantes de pregrado, posgrado y,docentes universitarios con la intencionalidad de desarrollar competencias,investigativas que faciliten la práctica profesional y diferencien al estudiante y,docente de la institución por la mirada que realizan al fenómeno foco de interés,dentro de su disciplina de formación. Dicha Estrategia pedagógica para el,fomento a la CTeI es liderada y coordinada por la Vicerrectoría de,Investigaciones de la Institución."
ESTUDIOS DE FENOMENOS PSICOSOCIALES,Estrategias Pedagógicas para el fomento a la CTI,Mapeo Colectivo,Julio 2019,Noviembre 2019,"Los mapas colectivos son formas ampliadas de comprender, reflexionar y señalizar diversos aspectos de la realidad cotidiana a través de soportes gráficos y visuales que visibilizan las problemáticas del territorio e identifican y reflexionan sus relaciones con otras temáticas"
ESTUDIOS DE FENOMENOS PSICOSOCIALES,Estrategias Pedagógicas para el fomento a la CTI,"Preicfes Gratuito del Centro de Estudios Sobre Lenguaje y Alteridad en San Jose del Palmar, Choco",Julio 2019,Julio 2019,
ESTUDIOS DE FENOMENOS PSICOSOCIALES,Estrategias Pedagógicas para el fomento a la CTI,Iniciación a la Investigación. Semillero de Investigación Problemáticas Psicosociales Contemporáneas,Febrero 2019,,"Fomentar la cultura de la investigación en estudiantes, mediante la generación de investigación científica y formativa que propenda por la construcción de nuevas lógicas de comprensión en el entramado complejo de las problemáticas psicosociales contemporáneas."
ESTUDIOS DE FENOMENOS PSICOSOCIALES,Estrategias Pedagógicas para el fomento a la CTI,"Diseño Metodológico, modalidad virtual",Febrero 2019,,"Los diseños estructurados y los diseños flexibles (los primeros comunes entre las investigaciones cuantitativas y los segundos entre las cualitativas), son formas válidas para producir conocimientos de la realidad, y para que ello sea posible, se necesita plantear el problema a investigar, revisar la literatura, recolectar datos, analizarlos, construir conocimientos y finalmente divulgar los hallazgos encontrados del fenómeno en estudio. Estas características y procesos fundamentales del acto investigativo, se desarrollan con especificidades, de acuerdo al método de investigación. ,Específicamente desde una perspectiva interpretativa (conocida comúnmente como cualitativa) el propósito fundamental consiste en comprender, desde el marco de referencia de los actores, sus experiencias y la producción de sentidos y significados de la acción emprendida por ellos.  La revisión de la literatura es necesaria para identificar el horizonte y el contexto de producción de conocimientos, que orientará la labor de producción de información y conocimientos.  El proceso investigativo se orienta por un diseño flexible, espiralado, de acercamiento de niveles generales y exploratorios, a niveles profundos de comprensión de la subjetividad humana, a la cual se accede por diferentes modos de expresión. Los conocimientos son siempre parciales y construidos entre las contrapartes activas de la investigación y con ellos se procura una función orientadora de la acción de los actores en el contexto específico de sus realidades. ,La importancia de este curso radica en  que el estudiante logrará adquirir las competencias básicas para comprender las lógicas y dinámicas propias de la investigación cualitativa."
ESTUDIOS DE FENOMENOS PSICOSOCIALES,Estrategias Pedagógicas para el fomento a la CTI,"Semillero de Investigación Psicopolítica: Poder, Diferencia y Subjetividad",Enero 2019,Diciembre 2019,
ESTUDIOS DE FENOMENOS PSICOSOCIALES,Estrategias Pedagógicas para el fomento a la CTI,Semillero de Investigación Psicología y Diversidades,Octubre 2018,,"El Semillero de Investigación Psicología y Diversidades facilita escenarios para la formación del espíritu científico en los estudiantes de psicología, a través de estudios interculturales que orientan las búsquedas de psicologías emergentes en el trabajo colaborativo con grupos étnicos, la indagación de prácticas en salud mental comunitaria y diversas formas de movimientos sociales."
ESTUDIOS DE FENOMENOS PSICOSOCIALES,Estrategias Pedagógicas para el fomento a la CTI,Semillero de Investigación Psicología y Diversidades,Julio 2017,,"Investigar  prácticas  psicológicas  en  contextos  de diversidad y la producción de formas de vidas ""otras""."
ESTUDIOS DE FENOMENOS PSICOSOCIALES,Estrategias Pedagógicas para el fomento a la CTI,Curso Doctorado en Estudios Intersdisciplinarios en Psicología,Julio 2017,Noviembre 2017,"Al presentar un curso que propone una nueva forma de contemplar y abordar los,fenómenos psicosociales, se requería de una precisión epistemológica que ubicara,esta nueva propuesta, clínica de lo social, en las rupturas paradigmáticas de las,ciencias sociales y de la Psicología como disciplina, además de su implicación con,el paradigma de la complejidad."
ESTUDIOS DE FENOMENOS PSICOSOCIALES,Estrategias Pedagógicas para el fomento a la CTI,"Seminario de profundización elegible: Configuración de subjetividades, nuevas ciudadanías y participación sociopolítica, para programa Doctorado en Estudios Interdisciplinarios en Psicología",Junio 2017,Diciembre 2017,"El curso comprende tres conceptos que se consideran intereses emergentes en la contemporaneidad, teniendo en cuenta la realidad política, social y económica que vive en particular Colombia y en más amplitud América Latina: la configuración de subjetividades, entendiendo que allí se deben poner en tensión las concepciones de sujeto que han desarrollado clásicamente las ciencias sociales y los ideales de ser humano; las nuevas ciudadanías, atendiendo a emergentes maneras de vivir lo público y en lo público, y la crítica al concepto de ciudadano europeo desde el civismo y las virtudes; y la participación sociopolítica, como formas de actuación que ponen a los sujetos en el lugar de las relaciones con los sistemas sociales, políticos, económicos, educativos, para la apropiación del debate público y la comprensión de los mismos dentro de acontecimientos como las violencias, inequidades, actos de corrupción y robo de lo público, entre otros. Así, el curso pretende ofrecer un panorama de los estudios en cultura política y nuevas ciudadanías que a nivel de América Latina se vienen adelantando. Procesos en los que cobra relevancia las diversidades y las subjetividades."
ESTUDIOS DE FENOMENOS PSICOSOCIALES,Estrategias Pedagógicas para el fomento a la CTI,Sujetos y Actores del Desarrollo,Junio 2017,Diciembre 2017,"Tradicionalmente se pensó el desarrollo desde una visión mecánica, determinada por la acumulación,de riqueza y las lógicas del mercado, cuyos referentes fueron racionalidades económicas y sociales de,las grandes potencias que se consideraron mejores, razón por lo cual merecían universalizarse.,No obstante, con el devenir histórico se fue demostrando la obsolencia de esta idea, pues el desarrollo,excede la esfera económica y termina impactando todas las dimensiones del ser humano y la,naturaleza, asociándose a lógicas de exclusión, desarraigo cultural y problemas ambientales, justo los,problemas que suponía evitar. Como discurso y practica naturalizada en el mundo social, empieza a,derivar cosmovisiones y racionalidades que inevitablemente convocan diversidad de actores e,intereses a menudo inmersos en dinámicas de poder tensionadas y conflictuadas.,El curso sujetos y actores del desarrollo constituye un espacio donde el desarrollo se entiende como,un proceso multidimensional que involucra diversos actores quienes en una constante construcción-,deconstrucción, lo configuran y lo expresan. En este espacio, los estudiantes podrán aproximarse,teóricamente a la comprensión del rol que tiene el mercado, el Estado y los movimientos sociales en la,definición de procesos de desarrollo que atraviesan todas las dimensiones humanas y frente a los,cuales la psicología debe asumir una posición.,En efecto, la psicología no puede permanecer inmutable frente a las discusiones que las políticas de,desarrollo derivan ni frente a la acción de los sujetos y actores que convocan, porque estos son un eje,fundamental en la constitución de las sociedades. Para ello es necesario que establezca un diálogo,abierto no solo con los marcos conceptuales del desarrollo, sino con otras ciencias sociales y políticas,que se han pronunciado frente a las dinámicas de la modernidad, de forma crítica y reflexiva,,observando sus fisuras y alcances en los seres humanos.,Se espera así, que el estudiante reflexione en torno a las expresiones de desarrollo, sus lógicas e,impacto en el individuo, los grupos y la sociedad, identificando el papel de la psicología frente a los mismos."
ESTUDIOS DE FENOMENOS PSICOSOCIALES,Estrategias Pedagógicas para el fomento a la CTI,Semillero de investigación: Fenómenos psicológicos en educación,Febrero 2016,,"El semillero de investigación tiene como propósito fortalecer las competencias investigativas en las áreas de la psicología y la educación, a partir de metodologías y estrategias propias de la investigación cualitativa."
ESTUDIOS DE FENOMENOS PSICOSOCIALES,Estrategias Pedagógicas para el fomento a la CTI,Articulación de la investigación formativa en las especializaciones de la Fundación Universitaria Luis Amigó,Febrero 2015,Febrero 2017,"La Vicerrectoría de Investigaciones de la Fundación Universitaria Luis Amigó, pretende generar una cultura de la investigación en la institución , y para ello propende por la articulación de la investigación en sus distintos niveles, pregrados, especializaciones y maestrías."
ESTUDIOS DE FENOMENOS PSICOSOCIALES,Estrategias Pedagógicas para el fomento a la CTI,Semillero de Reconciliación Social en Medio del Conflicto,Febrero 2015,Diciembre 2016,"Los conflictos sociopolíticos violentos son uno de los problemas más relevantes de nuestro tiempo, entre otras razones, por los elevados costos que comporta en ámbitos muy diferentes: sociales, psicológicos, ambientales, económicos, políticos, etc. Una de las áreas de las ciencias sociales que más se ha interesado por conocer los motivos que impulsan la violencia socio-política es la Psicología Social. Desde las primeras guerras mundiales, son múltiples los estudios realizados en esta disciplina para analizar los factores contextuales y psicológicos asociados a los grupos que ejercen la violencia, estos estudios han sido muy importantes para entender la naturaleza de los conflictos. Pero en las últimas décadas, el cambio en los estilos de conflicto armado, pasando de las guerras de grandes bloques de países a las confrontaciones violentas al interior de los Estados-Nación, han hecho resurgir la necesidad de estudiar elementos que permitan a los miembros de una misma comunidad, reconducir la violencia y restablecer las relaciones intergrupales. En este sentido, las nuevas aproximaciones a los conflictos intraestatales consideran que el desarrollo de ciertas actitudes, habilidades y clima socio-emocional favorecen una transformación constructiva de los conflictos hasta llegar a lo que se denomina Reconciliación Social. La Reconciliación Social se concibe como una etapa en la que se llevan a cabo cambios políticos y psicológicos que permiten la convivencia duradera y no violenta de grupos sociales que antes estaban confrontados, de ahí la importancia de estudiar esta temática. Si bien el estudio de la Reconciliación ha logrado avances importantes, es un tema de desarrollo muy reciente y su bagaje teórico y empírico aún está en proceso de construcción. No existen en la actualidad, modelos explicativos generalizables a diversos contextos culturales, sino que la mayoría de estudios se han hecho en conflictos concretos Chile (Manzi y González, 2007), Croacia (Kosic, Noor y Mannetti, 2011) Sudáfrica (Gibson, 2004), Irlanda del Norte (Noor, Brown y Prentice, 2008), Ruanda (Staub, 2005), Palestino-Israelí (Shnabel, Nadler, Ullrich, Dovidio y Carmi, 2009; SimanTov-Nachlieli y Shnabel, 2013) etc. y están en proceso de validación ecológica, esta propuesta de semillero haría un aporte a dicha validación ecológica del constructo de Reconciliación Social. El desarrollo de esta investigación en el seno del Semillero pretende generar nuevo conocimiento, al abordar variables que no han sido relacionadas empíricamente, tal y como ocurre con la relación entre la perspectiva temporal, y/o las emociones y la mejor o peor actitud ante los procesos de reconciliación Social. A través de este semillero de investigación se dará apoyo al proyecto de investigación titulado: ¿Actitud hacia la Reconciliación Social tras una etapa de Violencia Política: Construcción de un instrumento de medida ajustado al contexto colombiano¿ que adelanta la docente que haría el papel de docente coordinadora del semillero. Adicionalmente, la dinámica propia de la investigación permitirá a los alumnos preparar ponencias para participar en eventos nacionales y locales, les facilitará hacer trabajo de campo y contar con la colaboración del grupo de investigación Comportamiento Social y Psicometría Aplicada de la Universidad de Santiago de Compostela, grupo con el cual la docente que presenta la propuesta tiene una estrecha relación académica y con la que tiene varias publicaciones conjuntas relacionadas con la temática del semillero."
ESTUDIOS DE FENOMENOS PSICOSOCIALES,Estrategias Pedagógicas para el fomento a la CTI,"Semillero de Investigación en psicología social ""Sapere Aude""",Enero 2015,Diciembre 2018,"Espacio que contribuye al fortalecimiento de la investigación formativa en la Universidad Luis Amigó, en el cual participan estudiantes del pregrado de psicología interesados en aportar a la construcción de una comunidad investigativa alrededor de los fenómenos y dinámicas de entornos próximos. Los elementos epistemológicos, metodológicos y éticos que se retoman en el semillero, apuntan hacia la vertiente interesada en los procesos de construcción social, la interacción de lo individual y lo social, la intersubjetividad y los vínculos sociales."
ESTUDIOS DE FENOMENOS PSICOSOCIALES,Estrategias Pedagógicas para el fomento a la CTI,"Semillero de Investigación pregrado: Emoción, cerebro y aprendizaje.",Febrero 2014,Noviembre 2014,Semillero de investigación formativa para estudiantes de pregrado en Licenciatura preescolar de la Luis Amigó.
ESTUDIOS DE FENOMENOS PSICOSOCIALES,Estrategias Pedagógicas para el fomento a la CTI,Semillero de Aplicación Neurocognitiva y Psicosocial,Febrero 2014,Noviembre 2017,"El semillero tiene como propósito formar en los estudiantes un espíritu investigativo que les permita generar inquietudes con respecto al área de conocimiento de la psicología y de la neuropsicología, que con la capacitación continua y el acompañamiento de docentes investigadores en el área neuropsicológica y psicosocial, puedan plantearse  problemas de investigación en éstas temáticas con el interés de resolverlos. De ésta manera el semillero apoyará sin duda la alimentación de la línea de investigación problemáticas contemporáneas, que favorece la interdisciplinariedad."
ESTUDIOS DE FENOMENOS PSICOSOCIALES,Estrategias Pedagógicas para el fomento a la CTI,Proceso investigación formativa Pregrado en Psicología Fundación Universitaria Luis Amigó,Enero 2014,Febrero 2017,"La formación en investigación en pregrado debe procurar que el estudiante adquiera competencias básicas para construir, desarrollar y culminar un proceso de investigación. Este propósito se alcanza atendiendo tanto al proceso como a los productos elaborados a lo largo de cualquier ejercicio investigativo. ,Los estudiantes, generalmente en sus últimos semestres de la carrera, matriculan tres cursos de trabajo de grado, que invitan a la elaboración de diferente tipo de productos que permitan materializar el proceso de formación en investigación.,El proceso de formación será percibido y evaluado en los encuentros que el profesor tiene con los estudiantes cada dos semanas, en los que se contemple: asistencia, puntualidad, argumentación, sentido crítico y los reportes orales de su trabajo.Los productospor su parte, tienen el propósito de formalizar el proceso investigativo. ,Los estudiantes de los cursos de trabajo de grado serán distribuidos por subgrupos. Cada subgrupo deberá entregar al finalizar el semestre un paquete de entregables que den cuenta del trabajo realizado durante el semestre., Trabajo de grado I,-	Texto escrito que constituya un apartado del estado del arte,-	Texto escrito que constituya un apartado del referente conceptual,-	Fichas bibliográficas y de contenido del material consultado,-	Texto conpreguntas orientadorasde la investigación,,Trabajo de grado II,-	Protocolos de instrumentos de generación de información,-	Información sistematizada generada a través de las técnicas (v.g. entrevistas transcritas, encuestas diligenciadas, fichas analíticas, registro de técnicas interactivas, etc.),-	Productos del proceso de transformación de datos en fase de exposición (v.g. listado de códigos y categorías descriptivas, mapas categoriales, networks, textos interpretativos de imágenes, etc.),,Trabajo de grado III (Uno de los siguientes de acuerdo al proceso de cada subgrupo)ó,-	Texto de carácter interpretativo  sobre una de las categorías emergentesó,-	Texto con memoria metodológica o ensayo reflexión sobre el proceso de investigación,-	Artículo susceptible de ser publicado."
ESTUDIOS DE FENOMENOS PSICOSOCIALES,Estrategias Pedagógicas para el fomento a la CTI,Semillero de Investigación Universitario: Intervención sobre las Violencias Sexuales.,Julio 2012,Diciembre 2015,"Proceso formativo, en el que estudiantes de psicología, de la Universidad Luis Amigó y de la Universidad de Antioquia, se apropiaron de manera gradual, de la temática sobre violencias sexuales, en el entorno de la ciudad de Medellín; pero también, de manera muy puntual de estrategias técnicas de investigación, como forma de hacer profesional, para la cualificación profesional."
FAMILIA DESARROLLO Y CALIDAD DE VIDA,Estrategias Pedagógicas para el fomento a la CTI,Teorías de Familia clásicas y contemporáneas para doctorado en Estudios Interdisciplianrios de Psicología,Junio 2017,Diciembre 2017,"La formación de un investigador en el tema de familia implica un dominio de los conceptos que conforman las teorías concernientes a ella. Estas teorías están constituidas en dos meta-categorías, una las teorías tradicionales de familia, la otra las teorías contemporáneas de la familia. Este seminario pretende que el estudiante de doctorado pueda comprender las teorías de familia clásicas y contemporáneas con el fin de hacerlas dialogar con las problemáticas actuales que afectan a las familias."
"EDUCACION, INFANCIA Y LENGUAS EXTRANJERAS",Estrategias Pedagógicas para el fomento a la CTI,Foro por la calidad de la Educación: Zona Norte,Enero 2019,Noviembre 2019,"En el marco del proyecto de investigación: La Gestión académico-pedagógica como estrategia para mejorar los índices de calidad de las instituciones educativas: Zona Norte. Se llevó a cabo el I Foro por la Calidad de la Educación, debido a que desde la Universidad se ha venido reflexionando y cuestionando los procesos educativos y su relación con la calidad de la educación. Es por ello, que desde el proyecto de investigación La Gestión académico pedagógica como estrategia para mejorar los índices de calidad de las instituciones educativas, se propone la estrategia pedagógica para el fomento a la CTeI como  un espacio de discusión en el cual  se compartieron reflexiones y estrategias que favorezcan el hacer docente."
"EDUCACION, INFANCIA Y LENGUAS EXTRANJERAS",Estrategias Pedagógicas para el fomento a la CTI,Semillero en Formación de Maestros de Lenguas (FML)_2018,Enero 2018,Noviembre 2018,"El semillero FML se concibe como una comunidad de aprendizaje que busca promover entre sus miembros el desarrollo de competencias investigativas, académicas y personales, a partir de la indagación y la reflexión en torno a la formación de maestros de lenguas, para contribuir a su cualificación como docentes investigadores críticos, éticos y propositivos. FML apuesta por la construcción y la apropiación social del conocimiento desde la excelencia, la criticidad, la autonomía, la co-responsabilidad y la sensibilidad social."
"EDUCACION, INFANCIA Y LENGUAS EXTRANJERAS",Estrategias Pedagógicas para el fomento a la CTI,Desarrollo del pensamiento creativo en la infancia,Febrero 2017,Noviembre 2017,"El semillero DEPCI nace de la necesidad que tiene el proyecto ¿Universidad de los niños¿, de formar sus estudiantes en procesos relacionados con el pensamiento creativo; con la intención de responder a las demandas del medio, y lograr una intervención significativa en la población infantil a partir de las preguntas de los niños y niñas que generen conocimiento en los estudiantes universitarios y se movilicen en torno a ellas con el fin de construir conjuntamente respuestas que incrementen la curiosidad y fortalezcan el pensamiento creativo en los estudiantes para que su posterior abordaje con la infancia sea incluyente, dinámico, transformador para la sociedad."
"EDUCACION, INFANCIA Y LENGUAS EXTRANJERAS",Estrategias Pedagógicas para el fomento a la CTI,Semillero en Formación de Maestros de Lenguas (FML)_2017,Febrero 2017,Noviembre 2017,"El semillero en formación de maestros de lenguas (FML) es un espacio académico que busca promover en los estudiantes el desarrollo de competencias investigativas y académicas a partir de la indagación y la reflexión en torno a la formación de maestros de lenguas, para contribuir a su cualificación como docentes investigadores críticos, éticos y propositivos."
"EDUCACION, INFANCIA Y LENGUAS EXTRANJERAS",Estrategias Pedagógicas para el fomento a la CTI,"Semillero de Investigación: Estudios en: Educación, Cultura y Subjetividad",Febrero 2015,Noviembre 2015,"Promover en los participantes, habilidades investigativas  relacionadas con la educación y su contexto, retomando como enfoque principal la orientación  crítica. Lo anterior con el fin de construir y ejecutar  proyectos de investigación de carácter formativo, que sirvan como soporte a procesos de intervención en el campo de la educación."
"EDUCACION, INFANCIA Y LENGUAS EXTRANJERAS",Estrategias Pedagógicas para el fomento a la CTI,Semillero de socio-didáctica del inglés,Enero 2015,Diciembre,"Socio-didáctica del inglés: un semillero joven que nació en enero 2015. ,Socio-didáctica porque creemos que la perspectiva sociocultural es particularmente eficiente para abordar el aprendizaje y la enseñanza del inglés; también porque nos preocupamos por la dimensión social de éstos."
"EDUCACION, INFANCIA Y LENGUAS EXTRANJERAS",Estrategias Pedagógicas para el fomento a la CTI,Universidad de los Niños,Enero 2013,Noviembre 2017,"Universidad de los niños es una experiencia significativa que nace en la Fundación Universitaria Luis Amigó - FUNLAM en el año 2013 como posibilidad de generar espacios de interlocución, en respuesta al Plan de Desarrollo Institucional y al Dinamizador Estratégico de Extensión. El Proyecto es coordinado por la Licenciatura en Educación Preescolar, para desarrollar en los niños desde su primera infancia un gusto por el conocimiento en un marco universitario, donde a sus preguntas aparentemente simples de la vida y la ciencia, se les pueda brindar una experiencia de acercamiento al mundo. Con esta propuesta es posible concretar una esfera de participación real, donde los niños hacen uso del lenguaje, a través del cual conocen y cuestionan su entorno."
"EDUCACION, INFANCIA Y LENGUAS EXTRANJERAS",Estrategias Pedagógicas para el fomento a la CTI,Semillero en Evaluación y Adquisición de Lenguas Extranjeras,Febrero 2012,Noviembre 2013,"El semillero es un espacio de formación en investigación que busca propiciar en los estudiantes el desarrollo de competencias investigativas que conduzcan a la comprensión y a la resolución de problemas que atañen al quehacer del docente de inglés, particularmente en los ámbitos de la evaluación y de la adquisición de lenguas, a partir de la indagación rigurosa, la discusión colegiada, la reflexión crítica,  y la generación y difusión de nuevo conocimiento."
"EDUCACION, INFANCIA Y LENGUAS EXTRANJERAS",Estrategias Pedagógicas para el fomento a la CTI,"Semillero de investigación ""Historia, infancia y cultura""",Febrero 2010,Noviembre 2014,"El semillero ¿Historia, Infancia y cultura¿, es de interés para las estudiantes en formación en tanto se constituye como un espacio para la investigación formativa alrededor de la infancia, la familia y la pedagogía; con esta propuesta se pretende indagar sobre problemáticas que le conciernen a los maestros comprometidos con la primera infancia, y es a partir de la intervención con estos grupos poblacionales que se fortalecen los procesos investigativos y su articulación con la academia."
NEUROCIENCIAS BASICAS Y APLICADAS,Estrategias Pedagógicas para el fomento a la CTI,"Construcción Teórica en Procesos de Investigación, modalidad virtual",Febrero 2019,Diciembre 2019,"La actividad investigativa es la única forma que se tiene para llegar al conocimiento científico. No existe una única forma, existen diversas maneras, lo que habitualmente se denomina, metodología. Dependiendo del interés que se tenga con relación al objeto de estudio, existirá una única forma de acceder a ese conocimiento.,,Desde ahí asumimos que una de las posibilidades es a través del enfoque empírico-analítico comúnmente conocido como investigación cuantitativa. Este enfoque se preocupa por explicar, predecir y confirmar diversos fenómenos que puedan medirse y observarse. Desde acá se podrán resolver las explicaciones relacionadas con las relaciones o causalidades del comportamiento de un fenómeno o realidad objetiva. ,,La importancia de este curso radica en  que el estudiante logrará adquirir las competencias básicas para comprender las lógicas y dinámicas utilizadas para resolver problemas de investigación desde los métodos hipotéticos deductivos. Para ello, será necesario que reconozca la funcionalidad que tiene la teoría y la necesidad fundamental de elaborar un plan para la fase operativa, por tanto requiere especificar la metodología y las técnicas a través de las cuales recolectará y dará tratamiento a la información."
NEUROCIENCIAS BASICAS Y APLICADAS,Estrategias Pedagógicas para el fomento a la CTI,Seminario Ruta de Tesis Doctoral para el programa Doctorado en Estudios Interdisciplinarios en Psicología,Julio 2017,Diciembre 2017,"Desde la fundamentación teórica en investigación, clarificado y definido el problema de investigación, se prosigue a la fase del cómo resolver o dar respuesta al problema planteado, se inicia entonces la ejecución de la investigación y específicamente, se entra en las lógicas del trabajo de campo, las cuales están paradigmáticamente definidas, de acuerdo al enfoque metodológico pertinente a utilizar. ,,Con las estrategias metódicas y un plan operativo consecuente, se empiezan a realizar las descripciones observacionales (o registros) de la realidad o lo real, del objeto de estudio. Una vez que existen suficientes descripciones e información, se pasa a la fase creativa y netamente intelectual, la construcción de explicaciones, modelos teóricos o comprensiones que clarifiquen los hechos adscritos a esa realidad (o lo real) bajo estudio e indiquen las razones de su ocurrencia. Es en este punto donde silvestremente se pudiera hablar de triangulación, es decir, el investigador (1) a partir de sus resultados, (2) de lo hallado por otros y de lo (3) teóricamente concebido, organiza la triada y la alista para el establecimiento de conversaciones (versar), como la única opción de generar desde la rigurosidad requerida, el conocimiento científico, producto de la pulcritud metódica asumida.  Ello es lo que precisamente se espera durante la Ruta de Tesis Doctoral, que el candidato de acuerdo a sus ritmos de aprendizaje, vaya avanzando en la ejecución de la investigación hasta que el estado de la misma, le posibilite no solo divulgar el conocimiento científico adquirido, sino aplicar el mismo en un contexto específico y avizorar las posibilidades en la realización de una evaluación de impacto que le permita finalmente adquirir cierta verosimilitud y plausibilidad del conocimiento científico adquirido, y finalmente generar nuevos problemas y nuevas secuencias, en términos de iteración y recursividad (Padrón, 1998. Pág. 2). ,,En conclusión, es a través de la Ruta de Tesis doctoral, que el estudiante desarrolla las competencias científicas requeridas, que en síntesis en este programa de formación, se resumen en la capacidad de hacer lectura de los fenómenos de interés dentro de la Psicología y dar solución rigurosa a los mismos, divulgar los hallazgos a través de las diversas tipologías de productos científicos, aplicar el conocimiento adquirido a un contexto y avizorar las posibilidades desde la fundamentación teórica, en la realización de una evaluación de impacto. Así como la capacidad en advertir a partir de los hallazgos y la aplicación, la secuencialidad de la arista de interés de estudio."
NEUROCIENCIAS BASICAS Y APLICADAS,Estrategias Pedagógicas para el fomento a la CTI,Seminario proyecto Tesis Doctoral para el programa Doctorado en Estudios Interdisciplinarios en Psicología,Junio 2017,Diciembre 2017,"La formación doctoral implica el desarrollo de las competencias académicas, científicas y humanas que le posibilitan al investigador dar solución real y efectiva a las necesidades de la región y el país (Ardanuy, Urbano y Quintana, 2009; Hernández-Guzmán y Nieto, 2010; Rodríguez y Segura, 2010; Vera-Villarroel, 2010), lo que exige la generación de conocimiento innovador y original, así como la capacidad para identificar en el contexto, las verdaderas necesidades y demandas que requieren de manera apremiante su solución. Lo anterior significa, que además de que el doctor generará conocimiento nuevo y ajustado a las demandas y necesidades de la región y el país, tendrá la capacidad de aplicar los resultados de su investigación y las claridades suficientes para realizar evaluaciones de impacto que le faciliten vislumbrar el estudio de su objeto, de manera secuencial.,,Se requiere que las habilidades en la generación y aplicación del conocimiento científico, permeen al tejido productivo y a la sociedad en general, por lo que resulta fundamental, que, a partir del reconocimiento de las necesidades del contexto, plantee problemas de investigación cuya solución enriquezca el área de conocimiento de la Psicología y resulte viable su aplicación en un contexto determinado. Se requiere de doctores que adopten una perspectiva desafiante para la resolución de los complejos problemas de nuestra sociedad actual, lo cual se logra conjugando, por un lado, la interdisciplinaridad y, por otra parte, la efectividad en la aplicación de lo hallado a través de la investigación.,,De manera particular, el Proyecto de Tesis Doctoral, se entiende en dos sentidos. Por un lado, el estudiante iniciando el primer año de formación, deberá reestructurar, reformular, organizar, delimitar una especificidad del objeto de estudio de la psicología. Deberá concebir la estructuración y formalización de la idea de investigación como una fase primordial para avizorar la aplicabilidad del conocimiento científico en un contexto específico. Asimismo, tendrá que reconocer los baches teórico-investigativos del objeto de estudio de la psicología y plantearse las diversas formas de solución. Identificará las demandas sociales y estará convencido de la necesidad no solo de plantear sino también de aplicar estrategias de solución a los problemas, solo guiado desde los resultados de investigación.,,Cuando el estudiante haya logrado plantearse un problema en los términos anteriormente descritos, estará preparado para iniciar el proceso de su candidatura como doctor, lo que constituiría el segundo asunto primordial del Proyecto de Tesis Doctoral. Para ser candidato a doctor, requiere evidenciar varios asuntos. Crear y proponer las estrategias metódicas para resolver el problema de investigación planteado, analizar la viabilidad en la aplicación de técnicas, diseños o métodos de investigación para recolectar información, planear analíticamente el cómo resolver el específico problema de investigación, evaluar la viabilidad y factibilidad de diversas estrategias metodológicas para la solución del problema de investigación y finalmente tendrá la capacidad de analizar y proponer posibilidades para la aplicación del conocimiento científico en la resolución de la problemática. Cuando haya logrado esto, será candidato a Doctor."
NEUROCIENCIAS BASICAS Y APLICADAS,Estrategias Pedagógicas para el fomento a la CTI,Doctorado en Estudios Interdisciplinarios en Psicología,Enero 2017,Abril 2018,"El Doctorado en Estudios Interdisciplinarios en Psicología alude a una denominación, producto de las intencionalidades y la madurez del conocimiento de los grupos de investigación que lo soportan y a la necesidad de que en el país se produzca nuevo conocimiento, que responda a la complejidad de las problemáticas que a nivel del comportamiento humano se presentan. La psicología hoy es insuficiente para explicar y comprender los fenómenos del comportamiento humano ¿siempre variable y diverso¿ y debe recurrir a otras disciplinas en procura de ampliar los marcos de referencia de la realidad y dialogar con sus teorías, métodos o conceptos para pensar soluciones integrales.,,Por lo anterior, se afirma que el programa aúna las trayectorias que, desde los grupos de investigación de la Facultad de Psicología y Ciencias Sociales, con la colaboración de los grupos de las Facultades de Derecho y Ciencias Políticas y Educación y Humanidades, se han realizado en la producción y divulgación de nuevo conocimiento en los dominios de la neuropsicología, la psicología social y comunitaria, la psicología política, la psicología clínica y de la salud y la psicología de la familia, ámbitos que de por sí, apelan a la interrelación de la psicología con otras disciplinas. Con un claro sello dado por el carisma amigoniano, los grupos que soportan el Doctorado logran conjugar el sentido de comunidad académica y dar lugar a esta propuesta que reúne diversidad de visiones epistémicas y antropológicas, en correspondencia con una realidad contemporánea que requiere la aproximación no solo desde múltiples disciplinas, sino también el reconocimiento de que existen posibilidades diversas desde los enfoques metodológicos para plantearse y resolver problemas confluyendo para articular sus conocimientos en pos de su respuesta, mediada por el diálogo. Es así como se explica que pueda converger, la mirada centrada en el individuo y aquella que privilegia el individuo en relación con los otros, siempre respetando esas diferencias y dándole su debido lugar epistemológico. ,,Este es el primer doctorado que se ofrece en el país y a nivel internacional con dicha denominación, que hace hincapié en un propósito y en una convicción: el conocimiento científico sobre el comportamiento humano ha llevado a que los científicos sociales, de la salud y de las humanidades trabajen juntos para resolver problemas complejos que deben ser abordados con un conocimiento profundo desde diversas perspectivas, de manera que no se tiene mirada unívoca hacia el comportamiento humano, sino multifactorial, donde tienen cabida explicaciones e interpretaciones del psiquismo tradicionales y emergentes, que confluyen en su interés por trascender la academia e impactar en la sociedad frente a las necesidades percibidas y sentidas de bienestar psicológico y social, cuestión que solo se logra a través de la interdisciplinariedad.,,Es esa lectura que se hace de las necesidades psicológicas del conjunto de la sociedad colombiana y antioqueña lo que posibilita ofertar un programa que apunte a una formación integral e íntegra, que destine el conocimiento no solo a la academia, donde tradicionalmente se desempeña un doctor, sino que tenga eco en las familias, las comunidades, las organizaciones gubernamentales y no gubernamentales, las políticas públicas, los centros educativos y de salud, y la sociedad en general. De ahí que se piense en cuatro líneas de investigación que permiten dar cuenta de la madurez de los grupos y sus ejes de trabajo: (1) Estudios sociales, (2) Neuropsicología, (3) Teorías de Familia e Intervención Familiar, (4) Consumo y adicciones. La investigación será el eje central para la formación del doctor, que luego de un proceso riguroso podrá hacer uso de su conocimiento en contextos diversos."
NEUROCIENCIAS BASICAS Y APLICADAS,Estrategias Pedagógicas para el fomento a la CTI,Neuro y Educación,Agosto 2015,Diciembre 2020,"En un nivel 1, se pretende generar un espacio de aprendizaje en investigación empírico analítica que facilite el desarrollo de competencias para la vinculación a proyectos de investigación, tecnología e innovación en el área de las Neurociencias. Y los estudiantes de un nivel 2, terminan convirtiéndose en auxiliares de investigación, a quienes se articula a uno de los proyectos de investigación pertenecientes a la línea de investigación del semillero. ,,Nos formamos profesionalmente pensando que el conocimiento adquirido tendrá que contribuir a la solución de diferentes necesidades sociales, de hecho, no llegar a esta conclusión, ameritará repensar nuestra posición frente a la sociedad y al fin último de la educación, que precisamente busca la transformación de vidas, lo que indudablemente facilitará el desarrollo y crecimiento de las regiones y del país. Cuando en las Instituciones de Educación Superior se crean espacios para los estudiantes en donde el propósito fundamental es el desarrollo de competencias investigativas, se busca que ellos adquieran herramientas que desde la rigurosidad metódica impliquen la lectura del fenómeno objeto de interés desde su disciplina de formación y en correspondencia con esa lectura, precisen las herramientas a implementar para contribuir a la solución de necesidades sociales sentidas. No tendría objeto formarnos profesionalmente, si ese conocimiento no se pone al servicio de la sociedad. Lo anterior, es precisamente lo que pretendemos en el semillero de investigación, Neuro y Educación. Creemos y queremos acompañar la formación en competencias investigativas de quienes sienten de manera particular un interés en indagar los diferentes fenómenos de estudio, en quienes son unos curiosos del conocimiento y no les vasta interpretar lo que ya otros han dicho del fenómeno, sino que requieren a partir de un razonamiento deductivo analizar el fenómeno y proponer de manera socialmente responsable, posibles soluciones. El equipo está conformado por todos aquellos que están que son unos apasionados por el conocimiento de lo que implica el contexto escolar para el desarrollo humano integral y reconocen que disciplinas como la Neuropsicología, la Pedagogía y la Psicología tienen posibilidades  interdisciplinarias que faciliten entender lo que sucede en la población infanto-juvenil."
NEUROCIENCIAS BASICAS Y APLICADAS,Estrategias Pedagógicas para el fomento a la CTI,Cursos del área de formación en investigación AFI,Enero 2015,Diciembre 2020,"Esta estrategia pedagógica organiza cursos de fundamentación teórica en investigación, como cursos electivos de investigación a los estudiantes de pregrado y posgrado. El desarrollo de los cursos depende de las intencionalidades y las competencias a desarrollar en cada uno de ellos. ,,El colectivo le organiza al estudiante de manera secuencial su proceso para adquirir, construir e ir consolidando el conocimiento específico en investigación de acuerdo a las intencionalidades de los diferentes cursos, es así, que a través del proyecto docente unificado, operacionaliza las intencionalidades del curso y le establece a los estudiantes de manera puntual las actividades tanto de aprendizaje independiente como de clase presencial que requiere realizar para el logro de los objetivos del curso. Puntualmente los cursos tienen como propósito fundamental que el estudiante adquiera la fundamentación teórica en investigación (desarrollo de competencias interpretativas), independiente de la disciplina de formación. Desde allí, se organiza el desarrollo de las clases presenciales con una metodología magistral, pues hay un convencimiento de que las competencias interpretativas se logran a partir de la bibliografía revisada por los estudiantes y las explicaciones teóricas que el docente proporciona, pues desde ahí, desarrollan los mapas mentales que les facilitarán y propiciarán durante su formación profesional, adquirir competencias complejas como las argumentativas y propositivas.  Al constituir cursos comunes, por grupo hay un máximo de 90 estudiantes de todos los programas académicos, es por ello, que un curso es acompañado por tres docentes (pertenecientes en su mayoría a grupos de investigación de la institución) y cada uno con formación disciplinar diferente y experticia en alguno de los enfoques metodológicos. El desarrollo de las unidades de aprendizaje de los cursos, la evaluación y análisis de promoción, es una responsabilidad de los tres docentes. Para las clases presenciales, los docentes se van rotando para liderar el desarrollo temático, teniendo la responsabilidad los otros docentes de aportar, enriquecer, clarificar y ejemplificar desde su área de formación y experticia investigativa. Las evidencias evaluativas son estandarizadas y coherentes con las pretensiones en formación teórica en investigación de los cursos. Lo esencial se valora a través de tres evidencias, lo complementario a través de una, igual que el enriquece con sus aportes el proceso de aprendizaje. El componente de interés y motivación (Artículo 83) se valora teniendo en cuenta la entrega oportuna de todas las evidencias evaluativas del curso, pues en su defecto, el estudiante reprueba el curso. La certificación final del curso se le entrega de manera individual y escrita a cada estudiante, a través del formato destinado para ello."
GESNE,Estrategias Pedagógicas para el fomento a la CTI,2020,Febrero 2020,Noviembre 2020,"Acompañar y guiar a los estudiantes en el proceso de formación (proyectos y,actividades investigativas) y ser la delegada del semillero ante los órganos o,asuntos que lo requieran.,2) Facilitar la conformación del semillero y su sostenibilidad a partir de los,productos de investigación.,3) Velar por el cumplimiento de las acciones propias del semillero y definir un,plan de desarrollo del semillero, a mediano y largo plazo.,4) Asegurar la idoneidad de los participantes en el semillero.,5) Fortalecer las competencias investigativas en los estudiantes y/o graduados,interesados, a partir del análisis de estrategias metodológicas y académicas,propias del saber específico"
GESNE,Estrategias Pedagógicas para el fomento a la CTI,HABILIDADES BLANDAS PARA EL GERENTE DE HOY,Agosto 2019,Agosto 2019,"En dicha estrategia participaron estudiantes y docentes de todos los programas adscritos a la Facultad de Ciencias Administrativas, Económicas y Contables de la UCLA"
GESNE,Estrategias Pedagógicas para el fomento a la CTI,Conversatorios con docentes y empresarios del sector de la ecosol en Costarica,Mayo 2019,Mayo 2019,"Socialización de avances de la investigación sobre Empresas de Economía solidaria y ODS en región del oriente antioqueño.En la jornada se contó con la asistencia de docentes del Tecnológico de Costa Rica,la Universidad Nacional de Costa Rica y empresarios del sector cooperativo de este país"
GESNE,Estrategias Pedagógicas para el fomento a la CTI,V MODELO DE LA ASAMBLEA GENERAL DE LA ORGANIZACIÓN DE LOS ESTADOS AMERICANOS ¿ OEA,Enero 2019,Marzo 2019,"El modelo, es una simulación o representación de la estructura que utiliza la OEA, por medio de cuatro pilares: democracia, derechos humanos, seguridad y desarrollo, sustentados entre sí por medio del diálogo político, la inclusión, la cooperación y los instrumentos jurídicos que proporcionen las herramientas necesarias para llevar a cabo la gestión, en esta ocasión, el objetivo es educar a los participantes sobre temas de actualidad y política internacional; los estudiantes asumen el rol de delegados de los diferentes países asociados y observadores e intervienen en debates y negociaciones, en los que tratan temas que corresponden a los programas de trabajo de los diferentes órganos y comisiones de las Naciones Unidas"
GESNE,Estrategias Pedagógicas para el fomento a la CTI,Conversatorio Políticas públicas de economía solidaria en el marco de la pasantía al territorio solidario de Santander,Noviembre 2018,Noviembre 2018,presentación de las politicas públicas de Medellín  según acuerdo 41 de 2011
GESNE,Estrategias Pedagógicas para el fomento a la CTI,Gerencia estratégica: Una Herramienta para la Competitividad Organizacional para estudiantes universitarios,Noviembre 2018,Noviembre 2018,"La finalidad es transferir conocimientos asertivos y eficientes para estudiantes, empresarios y comunidad en general debido que actualmente, el mundo está siendo influenciado por diversos factores entre los cuales predominan, el social, económico, político, tecnológico y ambiental, razones por las cuales, se han generado constantemente, ambientes económicos inestables y cambiantes, trayendo consigo, incertidumbre en las personas, en las sociedades y en el entorno general. En medio de estos escenarios complejos, además de mantener la más estricta vigilancia sobre el acontecer económico, político y social, las organizaciones requieren sumar esfuerzos para que la toma de decisiones estratégicas esté enfocada en la optimización de los recursos y la mejora continua de sus de sus servicios."
GESNE,Estrategias Pedagógicas para el fomento a la CTI,La Ética de la Felicidad Organizacional como Innovación Empresarial para estudiantes universitarios Universidad de Guanajuato,Noviembre 2018,Noviembre 2018,"La finalidad es transferir conocimientos asertivos y eficientes para estudiantes, empresarios y comunidad en general debido que actualmente, el mundo está siendo influenciado por diversos factores entre los cuales predominan, el social, económico, político, tecnológico y ambiental, razones por las cuales, se han generado constantemente, ambientes económicos inestables y cambiantes, trayendo consigo, incertidumbre en las personas, en las sociedades y en el entorno general. En medio de estos escenarios complejos, además de mantener la más estricta vigilancia sobre el acontecer económico, político y social, las organizaciones requieren sumar esfuerzos para que la toma de decisiones estratégicas esté enfocada en la optimización de los recursos y la mejora continua de sus de sus servicios."
GESNE,Estrategias Pedagógicas para el fomento a la CTI,Emprendimiento y liderazgo Resiliente: Hacia la Clave del Éxito para estudiantes universitarios,Noviembre 2018,Noviembre 2018,"La finalidad es transferir conocimientos asertivos y eficientes para estudiantes, empresarios y comunidad en general debido que actualmente, el mundo está siendo influenciado por diversos factores entre los cuales predominan, el social, económico, político, tecnológico y ambiental, razones por las cuales, se han generado constantemente, ambientes económicos inestables y cambiantes, trayendo consigo, incertidumbre en las personas, en las sociedades y en el entorno general. En medio de estos escenarios complejos, además de mantener la más estricta vigilancia sobre el acontecer económico, político y social, las organizaciones requieren sumar esfuerzos para que la toma de decisiones estratégicas esté enfocada en la optimización de los recursos y la mejora continua de sus de sus servicios."
GESNE,Estrategias Pedagógicas para el fomento a la CTI,Emprendimiento Sostenible e Innovación,Noviembre 2018,Noviembre 2018,"LLa finalidad es transferir conocimientos asertivos y eficientes para estudiantes, empresarios y comunidad en general debido que actualmente, el mundo está siendo influenciado por diversos factores entre los cuales predominan, el social, económico, político, tecnológico y ambiental, razones por las cuales, se han generado constantemente, ambientes económicos inestables y cambiantes, trayendo consigo, incertidumbre en las personas, en las sociedades y en el entorno general. En medio de estos escenarios complejos, además de mantener la más estricta vigilancia sobre el acontecer económico, político y social, las organizaciones requieren sumar esfuerzos para que la toma de decisiones estratégicas esté enfocada en la optimización de los recursos y la mejora continua de sus de sus servicios."
GESNE,Estrategias Pedagógicas para el fomento a la CTI,II Simulación Asamblea General de la ONU,Agosto 2018,Noviembre 2018,"El Modelo de las Naciones Unidas, es una simulación o representación del Sistema de las Naciones, cuyo objetivo es educar a los participantes sobre temas de actualidad y política internacional; los estudiantes asumen el rol de delegados de los diferentes países e intervienen en debates y negociaciones, en los que tratan temas que corresponden a los programas de trabajo de los diferentes órganos y comisiones de las Naciones Unidas"
GESNE,Estrategias Pedagógicas para el fomento a la CTI,Coordinación Semillero de Investigación Negocios Internacionales 2018,Febrero 2018,Diciembre 2018,"Participa en calidad de coordinadora del semillero de investigación ""Negocios Internacionales"" con una dedicación de 2 horas semanales."
GESNE,Estrategias Pedagógicas para el fomento a la CTI,Semillero de investigación en Mercadeo,Febrero 2018,Noviembre 2018,"Propuesta pedagógica que busca generar el fomento de la ciencia la tecnología y la innovación en el campo del mercadeo dirigida a los estudiantes de la universidad católica luis amigo, y al publico interesado."
GESNE,Estrategias Pedagógicas para el fomento a la CTI,Coordinación Semillero de Negocios Internacionales 2019,Febrero 2018,Noviembre 2019,"Objetivos del Semillero de Negocios Internacionales: ,Acompañar y guiar a los estudiantes en el proceso de formación (proyectos y,actividades investigativas) y ser la delegada del semillero ante los órganos o,asuntos que lo requieran.,2) Facilitar la conformación del semillero y su sostenibilidad a partir de los,productos de investigación.,3) Velar por el cumplimiento de las acciones propias del semillero y definir un,plan de desarrollo del semillero, a mediano y largo plazo.,4) Asegurar la idoneidad de los participantes en el semillero.,5) Fortalecer las competencias investigativas en los estudiantes y/o graduados,interesados, a partir del análisis de estrategias metodológicas y académicas,propias del saber específico"
GESNE,Estrategias Pedagógicas para el fomento a la CTI,Diseño del programa de Maestría Educacion en Patrimonio Cultural,Enero 2018,Agosto 2018,Diseñar un programa de formación de maestría para fomentar la educación la cultura e identificación y valoración  con el patrimonio cultural de los pueblos
GESNE,Estrategias Pedagógicas para el fomento a la CTI,I Simulación Asamblea General de la ONU,Enero 2018,Marzo 2018,"El Modelo de las Naciones Unidas, es una simulación o representación del Sistema de las Naciones, cuyo objetivo es educar a los participantes sobre temas de actualidad y política internacional; los estudiantes asumen el rol de delegados de los diferentes países e intervienen en debates y negociaciones, en los que tratan temas que corresponden a los programas de trabajo de los diferentes órganos y comisiones de las Naciones Unidas"
GESNE,Estrategias Pedagógicas para el fomento a la CTI,Apoyo a la Gestión y documentación de las juntas de acción comunal del Municipio de Copacabana,Agosto 2017,Enero 2018,En el desarrollo de este proyecto se asesoro al estudiante Johan Sebastian Idarraga en el proceso de acompañamiento de la labor de la secretaria de desarrollo y bienestar social del Municipio de copacabana en el programa de apoyo inspección y vigilancia a las Juntas de acción comunal de ese Municipio.en este proyecto de manera pedagógica se formaban a los lideres de las organizaciones comunales para desarrollar la gestión administrativa propia en cada junta con la finalidad de hacer transferencia tecnológica y mejorar los procesos de administracion.
GESNE,Estrategias Pedagógicas para el fomento a la CTI,Proyecto administracion en mi barrio,Enero 2017,Mayo 2017,"Este proyecto permite generar estrategias pedagógicas para generar conocimiento en comunidades de población vulnerable en la ciudad de Medellín, haciendo transferencias de conocimiento sobre temas específicos y temáticas propias de la administración."
GORAS,Estrategias Pedagógicas para el fomento a la CTI,Modelo de incubación de emprendimientos sociales y productivos para estudiantes universitarios,Octubre 2018,Octubre 2018,"La finalidad es transferir conocimientos asertivos y eficientes para estudiantes, empresarios y comunidad en general debido que actualmente, el mundo está siendo influenciado por diversos factores entre los cuales predominan, el social, económico, político, tecnológico y ambiental, razones por las cuales, se han generado constantemente, ambientes económicos inestables y cambiantes, trayendo consigo, incertidumbre en las personas, en las sociedades y en el entorno general. En medio de estos escenarios complejos, además de mantener la más estricta vigilancia sobre el acontecer económico, político y social, las organizaciones requieren sumar esfuerzos para que la toma de decisiones estratégicas esté enfocada en la optimización de los recursos y la mejora continua de sus de sus servicios."
GORAS,Estrategias Pedagógicas para el fomento a la CTI,Semillero de Investigación en Innovación Gastronómica y de Alimentos (SIIGA),Agosto 2018,Noviembre 2019,
GORAS,Estrategias Pedagógicas para el fomento a la CTI,Semillero de Investigación en Educación Nutricional y Cultura Alimentaria (SIENCA),Agosto 2018,Noviembre 2019,"El Semillero de Investigación en Educación Nutricional y Cultura Alimentaria (SIENCA), propende por el desarrollo de competencias relacionadas con la proposición, evaluación, validación y transferencia de alternativas novedosas en cuanto la realidad alimentaria y gastronómica, que sean correspondientes con las problemáticas actuales en las comunidades. Cuyo objetivo es promover la generación de competencias investigativas en los participantes del mismo, mediante ejercicios teóricos y de aplicación del conocimiento que surja de él, desde áreas como la antropología alimentaria, la nutrición, la historia, la culinaria y el arte, para fomentar el trabajo en equipo, la reflexión, el aprendizaje permanente."
GORAS,Estrategias Pedagógicas para el fomento a la CTI,Procesos de revisión de literatura a través de internet para estudiantes,Abril 2018,Abril 2018,"Tiene como objetivo proponer el modelo de emprendimiento sostenible para la creación de PYMES por estudiantes universitarios en Latinoamerica. Caso: Universidad Católica Luis Amigó, la principal característica es la innovación económica y social como pilar fundamental para su desarrollo, es visto como una alternativa para lograr cambiar las condiciones de vida de las personas aportando significativamente beneficios colectivos, incorporando la articulación entre el Estado, instituciones educativas y empresas públicas y privadas como mecanismo estimulante, de tal modo lograr transformar la sociedad."
GORAS,Estrategias Pedagógicas para el fomento a la CTI,Estadística Aplicada a la investigación científica,Abril 2018,Abril 2018,"Tiene como objetivo proponer el modelo de emprendimiento sostenible para la creación de PYMES por estudiantes universitarios en Latinoamerica. Caso: Universidad Católica Luis Amigó, la principal característica es la innovación económica y social como pilar fundamental para su desarrollo, es visto como una alternativa para lograr cambiar las condiciones de vida de las personas aportando significativamente beneficios colectivos, incorporando la articulación entre el Estado, instituciones educativas y empresas públicas y privadas como mecanismo estimulante, de tal modo lograr transformar la sociedad."
GORAS,Estrategias Pedagógicas para el fomento a la CTI,Mercadotecnia aplicada  a la Investigación,Abril 2018,Abril 2018,"tiene como objetivo proponer el modelo de emprendimiento sostenible para la creación de PYMES por estudiantes universitarios en Latinoamerica. Caso: Universidad Católica Luis Amigó, la principal característica es la innovación económica y social como pilar fundamental para su desarrollo, es visto como una alternativa para lograr cambiar las condiciones de vida de las personas aportando significativamente beneficios colectivos, incorporando la articulación entre el Estado, instituciones educativas y empresas públicas y privadas como mecanismo estimulante, de tal modo lograr transformar la sociedad."
GORAS,Estrategias Pedagógicas para el fomento a la CTI,Emprendimiento y creación de empresas por estudiantes universitarios,Marzo 2018,Marzo 2018,"tiene como objetivo proponer el modelo de emprendimiento sostenible para la creación de PYMES por estudiantes universitarios en Latinoamerica. Caso: Universidad Católica Luis Amigó, la principal característica es la innovación económica y social como pilar fundamental para su desarrollo, es visto como una alternativa para lograr cambiar las condiciones de vida de las personas aportando significativamente beneficios colectivos, incorporando la articulación entre el Estado, instituciones educativas y empresas públicas y privadas como mecanismo estimulante, de tal modo lograr transformar la sociedad."
GORAS,Estrategias Pedagógicas para el fomento a la CTI,Gestion y organizacion de cooperativas con enfacis en emprendimiento sostenible,Marzo 2018,Marzo 2018,"tiene como objetivo proponer el modelo de emprendimiento sostenible para la creación de PYMES por estudiantes universitarios en Latinoamerica. Caso: Universidad Católica Luis Amigó, la principal característica es la innovación económica y social como pilar fundamental para su desarrollo, es visto como una alternativa para lograr cambiar las condiciones de vida de las personas aportando significativamente beneficios colectivos, incorporando la articulación entre el Estado, instituciones educativas y empresas públicas y privadas como mecanismo estimulante, de tal modo lograr transformar la sociedad."
GORAS,Estrategias Pedagógicas para el fomento a la CTI,Semillero de gestión de procesos administrativos (GEPA),Febrero 2018,Noviembre 2020,"La misión del semillero consiste en desarrollar investigaciones aplicadas en la mejora de procesos en las diferentes microempresas de la región del Valle de Aburrá y Oriente cercano del departamento de Antioquia, generando alianzas y transferencia de conocimiento entre las partes interesadas (Universidad-Empresa-Estudiantes). Abordar temas sociales y académicos de interés."
GORAS,Estrategias Pedagógicas para el fomento a la CTI,Semillero de Creatividad e Innovación,Febrero 2018,,"Identificar y desarrollar habilidades emprendedoras con los estudiantes, desde la creatividad y la innovación, reconociendo el aporte que dichas habilidades hacen a sus proyectos de vida.,,Acompañar a los estudiantes en la definición de ideas creativas contextualizadas en la realidad y en las proyecciones socio económicas."
GORAS,Estrategias Pedagógicas para el fomento a la CTI,"Estrategia pedagógica para el fomento a la ciencia, la tecnología y la innovación (CTI)",Agosto 2017,Noviembre 2017,"Acompañamiento para la conformación del comité de convivencia de la organización, en donde sus integrantes se formaron como facilitadores de convivencia o como gestores de la seguridad y la salud en el trabajo."
GORAS,Estrategias Pedagógicas para el fomento a la CTI,Feria Sabatina Mentalidad Empresarial,Abril 2017,Abril 2017,
GORAS,Estrategias Pedagógicas para el fomento a la CTI,Conformación del comité de convivencia,Febrero 2017,Noviembre 2017,"Creación del cómite de convivencia con el fin de mejorar el clima organizacional, la seguridad en el trabajo y la convivencia en la organización."
JURIDICAS Y SOCIALES,Estrategias Pedagógicas para el fomento a la CTI,Clínica Jurídica Revisión del expediente T ¿ 7.831.776,Agosto 2020,Septiembre 2020,"De la Clínica Jurídica revisión del expediente T ¿ 7.831.776 resultó un Amicus Curiae, radicado ante la Honorable Corte Constitucional de la República de Colombia el 15 de septiembre de 2020"
JURIDICAS Y SOCIALES,Estrategias Pedagógicas para el fomento a la CTI,Clínica Jurídica revisión del expediente T 7.831.776,Agosto 2020,Septiembre 2020,"Amicus Curiae en la revisión del expediente T 7.831.776, correspondiente a la acción de tutela interpuesta por la señora JOSEFI"
JURIDICAS Y SOCIALES,Estrategias Pedagógicas para el fomento a la CTI,Clínica Jurídica Decreto 1500 de 2018,Junio 2020,,"La Clínica Jurídica Decreto 1500 de 2018 está integrada por docentes y estudiantes de la Facultad de Derecho y Ciencias Políticas de la Universidad Católica Luis Amigó, y por docentes, estudiantes y egresados de la Facultad de Derecho de la Universidad Autónoma Latinoamericana. A través de la aplicación del método clínico, elaboró una coadyuvancia a favor del Decreto 1500 de 2018, demandado a través del medio de control de nulidad simple en el Honorable Consejo de Estado. Resultado del proyecto de investigación Acceso a la justicia para la protección de derechos colectivos y del ambiente, el acceso a la información y la participación democrática: Fase I Medellín - Acciones Populares."
JURIDICAS Y SOCIALES,Estrategias Pedagógicas para el fomento a la CTI,Enseñanza y aprendizaje clínico del derecho (EACD) Fundamentación de un enfoque pedagógico que permita el reconocimiento y la creación de las Clínicas Jurídicas como estrategias pedagógicas para el fomento de la CTeI en la Universidad Católica Luis Amigó,Marzo 2020,,"La ENSEÑANZA Y APRENDIZAJE CLÍNICO DEL DERECHO (EACD) Fundamentación de un enfoque pedagógico que permita el reconocimiento y la creación de las Clínicas Jurídicas (CJ) como estrategias pedagógicas para el fomento de la CTeI en la Facultad de Derecho y Ciencias Políticas de la Universidad Católica Luis Amigó (Funlam): Clínica Jurídica de Interés Público Funlam, es un resultado del proyecto de investigación ¿Acceso a la justicia para la protección de derechos colectivos y del ambiente, el acceso a la información y la participación democrática¿, y con él, de la primera fase ¿Medellín, Acciones Populares¿, de autoría del profesor Jorge Eduardo Vásquez Santamaría, el cual fue aprobado en convocatoria institucional y empezó ejecución el pasado 3 de febrero de 2020."
JURIDICAS Y SOCIALES,Estrategias Pedagógicas para el fomento a la CTI,Grupo Estudio Género y Derecho de Familias,Febrero 2020,Noviembre 2020,"Grupo de Estudio Género y Derecho de Familias, es una estrategia implementada por el Proyecto Debates Contemporáneos del Derecho de Familia desde la Perspectiva de Género, que tiene por objetivo darle continuidad a la temática y a las discusiones que surgen respecto a las problemáticas que aquejan la familia, evidenciando como en el derecho y en la familia se presentan tensiones sexo-genéricas que discriminan, violentan y limitan el derecho a una vida libre de violencias. O se asignan derechos y garantías a familias que se corresponden con los roles sexo-genéricos asignados culturalmente."
JURIDICAS Y SOCIALES,Estrategias Pedagógicas para el fomento a la CTI,Semillero de Investigación adicTIcos,Febrero 2019,Diciembre 2020,"Semillero de investigación para la generación de investigación formativa en Adicciones No Químicas, que representen la realidad de las nuevas generaciones y que contribuya al aprendizaje y conocimiento de las nuevas tendencias y cómo afrontarlas."
JURIDICAS Y SOCIALES,Estrategias Pedagógicas para el fomento a la CTI,Escuela de Semilleros Nodo Eje Cafetero,Febrero 2019,,"El	Nodo	Eje	Cafetero	de	Inves@gación	Jurídica	y	Socio	Jurídica	en	el	marco	de	sus	procesos	de	inves1gación	y	el	compromiso	que	guarda	con	la	formación	y	promoción	de	la	inves1gación	Jurídica	y	Socio	Jurídica	en	la	región,	se	ha	propuesto	en	desarrollar	la	¿Escuela	de	Semilleros	de	Inves3gación¿	orientada	a	formar	y	fortalecer	las	competencias	inves1ga1vas	de	los	estudiantes	de	las	ins1tuciones	pertenecientes	al	Nodo	Eje	Cafetero	de	Inves1gación	Jurídica	y	Socio	Jurídica.	,La	Escuela	de	Semilleros	de	Inves3gación,	se	fundamenta	con	base	en	obje1vo	de	fortalecer	la	inves1gación	forma1va	por	medio	de	la	promoción,	formación	y	desarrollo	de	competencias	académicas,	é1cas,	inves1ga1vas,	cienEﬁcas	e	intelectuales	a	los	diferentes	grupos	de	estudiantes	que	hagan	parte	de	los	procesos	inves1ga1vos	llevados	a	cabo	en	los	dis1ntos	Semilleros	de	Inves1gación	y	en	las	aulas	de	clase,	por	medio	de	los	Proyectos	de	Aula.	,Así	las	cosas,	se	hace	necesario	implementar	y	elaborar	nuevas	estrategias	pedagógicas	de	inves1gación	forma1va,	que	sean	consecuentes	con	los	ﬁnes	de	la	inves1gación	socio	jurídica	y	humanista,	que	logre	impacto	en	los	currículos	académicos,	que	proyecte	a	los	estudiantes	en	pro	de	la	inves1gación,	que	genere	y	fortalezca	los	escenarios	de	generación	de	nuevo	conocimiento	y	que	haga	frente	a	las	exigencias	que	demanda	Colciencias.	,En	conclusión,	que	logre	impactar	y	formar	a	los	futuros	profesionales	con	competencias	trascendentales	para	la	vida	laboral	y	para	el	desarrollo	social	y	humano,	en	suma,	formar	profesionales	que	estén	acordes	con	las	necesidades	fundamentales	de	la	sociedad,	conocimiento	que	se	cul1va	y	se	consigue,	a	través	de	la	inves1gación"
JURIDICAS Y SOCIALES,Estrategias Pedagógicas para el fomento a la CTI,Acción política y políticas públicas,Febrero 2017,,"El Semillero Albatros tiene por misión estudiar, buscar y sugerir la aplicación de las lógicas, métodos y herramientas del Análisis de las Políticas Públicas al contexto local, regional y nacional, en aras de participar desde la Academia en el seguimiento, ejecución y evaluación de políticas públicas de importancia en el espacio socio-político cercano."
SISCO,Estrategias Pedagógicas para el fomento a la CTI,"Curso Estadística Descriptiva con Aplicaciones en Excel y SPSS, modalidad blended",Agosto 2017,,"Este es un curso de formación en competencias investigativas dirigido a estudiantes de pregrado, bajo la modalidad blended, que fue diseñado para promover y potenciar el uso de paquetes estadísticos para el análisis e interpretación de datos cuantitativos. La propuesta formativo puso su centro de atención en la interpretación de estadísticos descriptivos más que en el uso del software per se. Para ellos se emplearon diferentes recursos multimediales y estrategias de e-learning que permitieron el desarrollo de un proceso formativo en modalidad blended learning."
SISCO,Estrategias Pedagógicas para el fomento a la CTI,Diseño de un modelo instruccional y un ambiente virtual en la plataforma Moodle para el desarrollo de cursos de formación en investigación bajo la modalidad virtual,Enero 2015,,Es una estrategia de innovación didáctica y tecnopedagógica para favorecer el desarrollo de competencias investigativas en los estudiantes de pregrado a través de los cursos de formación en investigación que ofrece la institución en modalidad virtual.
