nombre_revista,clasificacion,ano,ISSN
Asfaltos Y Pavimentos,C,2016,01238574
Revista Pensamiento Americano,C,2016,20272448
Katharsis,B,2016,01247816
Verba Iuris,C,2016,01213474
En Contexto,C,2016,23463279
Luciernaga : Revista Virtual,C,2016,20271557
Ecos De Economía,A2,2016,16574206
Trashumante,C,2016,23229381
Educación Física Y Deporte,B,2016,0120677X
Historia Caribe,A2,2016,01228803
Amauta,C,2016,17945658
Apuntes Del Cenes,A2,2016,01203053
Historia Y Memoria,A2,2016,20275137
"Revista Ingeniería, Investigación Y Desarrollo",C,2016,1900771X
Latinoamericana De Estudios Educativos,B,2016,19009895
Ánfora,C,2016,01216538
Ingenieria E Innovacion,C,2016,23460466
Médicas Uis,B,2016,01210319
Ion,A2,2016,0120100X
Revista Integración,A2,2016,0120419X
Tumbaga,C,2016,19094841
Revista Colombiana De Ciencia Animal,C,2016,20271840
Pensamiento Psicológico,A1,2016,16578961
Revista Ces Salud Publica,C,2016,21459932
Ces Odontología,C,2016,22159185
Cuadernos De Administración,A2,2016,01204645
Revista De Ciencias,B,2016,01211935
Ingenium,C,2016,16920899
Colombia Amazónica,C,2016,01206222
Revista Científica,B,2016,01242253
Calle14,C,2016,20113757
Revista Interamericana De Investigación Educación Y Pedagogía,C,2016,1657107X
Comunicaciones En Estadística,B,2016,20273355
Revista Análisis Internacional (Rai),C,2016,22157190
Elementos,C,2016,2027923X
"Revista De La Academia Colombiana De Ciencias Exactas, Físicas Y Naturales",A2,2016,03703908
Avances En Psicología Latinoamericana,A1,2016,17944724
Criterio Juridico Garantista,C,2016,21453381
Bio-Grafia,C,2016,20271034
Revista Escuela De Administración De Negocios,B,2016,01208160
Universitas Humanística,A2,2016,01204807
International Law : Revista Colombiana De Derecho Internacional,A2,2016,16928156
Investigación En Enfermería :Imagen Y Desarrollo,B,2016,01242059
Acta Médica Colombiana,A2,2016,01202448
Revista Latinoamericana De Psicología,A1,2016,01200534
Revista U.D.C.A. Actualidad & Divulgación Científica,A2,2016,01234226
Revista Colombiana De Gastroenterología,B,2016,01209957
Caldasia,A1,2016,03665232
Avances De Enfermería,A2,2016,01214500
Revista Colombiana De Estadística,A1,2016,01201751
Revista Colombiana De Sociología,C,2016,0120159X
Traza,C,2016,22160647
Códices,C,2016,17949815
Revista Med,A2,2016,01215256
La Propiedad Inmaterial,B,2016,16571959
Revista De Derecho Privado,B,2016,19097794
Dialectica Libertadora,C,2016,20113501
Revista Logos Ciencia 6& Tecnologia,B,2016,2145549X
Revista Avancesinvestigacion En Ingenieria,C,2016,17944953
Revista Nacional De Odontología,C,2016,19003080
Revista De Investigacion Agraria Ambiental,B,2016,21456097
Ingenium,C,2016,01247492
Iustitia,C,2016,16929403
Miradas,C,2016,0122994X
Cultura Del Cuidado Enfermeria,C,2016,17945232
Inciso,C,2016,17941598
Revista Gestión Y Región,C,2016,19009771
Latin American Journal Of Content & Language Integrated Learning,C,2016,23229721
Universidad Y Salud,A2,2016,01247107
Ingenierias & Amazonia,C,2016,16927389
Revista Colombiana De Radiología,C,2016,01212095
"Gist, Education And Learning Research Journal",B,2016,16925777
Revista Historia Y Sociedad,A2,2016,01218417
Tecciencia,B,2016,19093667
Producción + Limpia,A2,2016,19090455
Affectio Societatis,C,2016,01238884
Actualidades Biológicas,A2,2016,03043584
Revista Facultad De Odontología,A2,2016,0121246X
Íkala,A2,2016,01233432
Revista De Psicología Universidad De Antioquia,C,2016,21454892
Perfil De Coyuntura Economica,A2,2016,16574214
Perseitas,C,2016,23461780
Revista Ingeniería Biomédica,B,2016,19099762
Revista Ciencias Estratégicas,B,2016,17948347
Ingenieria Y Desarrollo,A2,2016,21459371
Cuadernos De Literatura Del Caribe E Hispanoamérica,A2,2016,17948290
Iter Ad Veritatem,C,2016,19099843
Ingenio Magno,C,2016,21459282
Perspectiva Geográfica,B,2016,01233769
La Palabra,A2,2016,01218530
Jurídicas,C,2016,17942918
Eleuthera,C,2016,20114532
Archivos De Medicina,B,2016,1657320X
Plumilla Educativa,C,2016,16574672
Revista Mvz Córdoba,A1,2016,01220268
Momentos De Ciencia,C,2016,16925491
Ciencia Y Cuidado,C,2016,17949831
Revista De Investigaciones,C,2016,1794631X
Sinapsis,C,2016,2145969X
Contexto,C,2016,23393084
Espiral,C,2016,2256151X
Revista Filosofía Uis,B,2016,16922484
Perspectivas Educativas,C,2016,20273401
Entramado,B,2016,19003803
Informador Tecnico,C,2016,0122056X
Lenguaje,B,2016,01203479
El Hombre Y La Máquina,C,2016,01210777
Nomadas,A2,2016,01217550
Mision Juridica,C,2016,1794600X
Palmas,C,2016,01212923
Visión Electrónica: Algo Más Que Un Estado Sólido,C,2016,19099746
Ciudad Paz-Ando,C,2016,20115253
Tecnura,C,2016,22487638
Cuadernos De Filosofía Latinoamericana,C,2016,01208462
Desafíos,A2,2016,01244035
"(Pensamiento), (Palabra) Y Obra",B,2016,2011804X
Revista Colombiana De Filosofía De La Ciencia,B,2016,01244620
Revista Salud Bosque,C,2016,22485759
Coyuntura Económica,B,2016,01203576
Vniversitas,A2,2016,00419060
Revista Ibero- Latinoamericana De Seguros,B,2016,01231154
Papel Político,A2,2016,01224409
Ensayos Sobre Política Económica,A2,2016,01204483
Acta Biológica Colombiana,A2,2016,0120548X
Profile,A1,2016,16570790
Revista Cuadernos De Economía,A2,2016,01214772
Revista Facultad De Ciencias Económicas : Investigación Y Reflexión,A2,2016,01216805
Revista De Educación En Ingeniería,B,2016,19008260
Revista De Estudios Sociales,A1,2016,0123885X
Revista Odontos Odontologia Integral,C,2016,01237810
Revista Lasallista De Investigación,A2,2016,17944449
Pensando Psicologia,C,2016,19003099
Publicaciones E Investigación,C,2016,19006608
Psychologia. Avances De La Disciplina,A1,2016,19002386
Ciencia Y Salud Virtual,C,2016,21455333
Persona Y Bioética,A2,2016,01233122
Praxis,C,2016,16574915
Revista Virtual Universidad Católica Del Norte,B,2016,01245821
Horizontes Pedagógicos,C,2016,01238264
Revista De La Facultad De Ciencias,C,2016,0121747X
Revista Facultad Nacional De Agronomía - Medellín,A2,2016,03042847
Revista Areté,C,2016,16572513
Psicoespacios,C,2016,21452776
Teuken Bidikay,C,2016,22158405
Vitae,A1,2016,21452660
Estudios Políticos,A2,2016,01215167
Opinión Jurídica,A2,2016,16922530
Revista Eia,A2,2016,17941237
El Ágora Usb,A2,2016,16578031
Franciscanum,A2,2016,01201468
Revista Facultad De Derecho Y Ciencias Políticas,B,2016,01203886
Desarrollo Gerencial,C,2016,21455147
Revista Luna Azul,A2,2016,19092474
Cultura Científica,C,2016,1657463X
Revista Historia De La Educación Latinoamericana,A2,2016,01227238
Journal De Ciencia E Ingenieria,C,2016,21452628
Veterinaria Y Zootecnia,B,2016,20115415
Revista Colombiana De Tecnologías De Avanzada,C,2016,16927257
@Limenth,C,2016,16927125
Ugciencia,C,2016,19000332
Sophia,A2,2016,17948932
Historia 2.0,B,2016,20279035
Revista Iteckne,B,2016,16921798
Puente Revista Científica,C,2016,19099851
Boletín De Geología,A2,2016,01200283
Reflexión Política,B,2016,01240781
Acta Agronómica,A2,2016,01202812
S&T : Sistemas Y Telemática,C,2016,16925238
Fitopatologia Colombiana,B,2016,01200143
Historia Y Espacio,B,2016,01204661
Revista De Economía & Administración,C,2016,17947561
Revista Colombiana De Ortopedia Y Traumatología,C,2016,01208845
"Revista Salud, Historia Y Sanidad On-Line",C,2016,19092407
Pre-Til,C,2016,16926900
Revista Cientifica De Unincca,C,2016,01226150
Revista Republicana,A2,2016,19094450
Poliantea,C,2016,17943159
Panorama,C,2016,19097433
Revista Colombiana De Rehabilitacion,B,2016,16921879
Suma Psicológica,A2,2016,01214381
Revista Ciencias De La Salud,A2,2016,16927273
Revista Ib De La Información Básica Estadística,C,2016,22561552
Grafía. Cuaderno De Trabajo De Los Profesores De La Facultad De Ciencias Humanas Universidad Autónoma De Colombia,C,2016,16926250
Revista De Tecnología,C,2016,16921399
Revista Gerencia Y Políticas De Salud,A2,2016,16577027
Ambiente Y Desarrollo,C,2016,01217607
Perspectivas Internacionales,C,2016,19004257
Cuarzo,C,2016,01212133
Ingeniería E Investigación,A1,2016,01205609
"Innovar, Revista De Ciencias Administrativas Y Sociales",A1,2016,01215051
Pensamiento Jurídico,C,2016,01221108
Tendencias & Retos,C,2016,01229729
"Revista Opera - Observatorio De Políticas, Ejecución Y Resultados De La Administración Pública",B,2016,16578651
Revista Derecho Del Estado,B,2016,01229893
Revista De Economía Institucional,A2,2016,01245996
"Revista De Derecho, Comunicaciones Y Nuevas Tecnologias",B,2016,19097786
Revista De Derecho Publico,B,2016,19097778
Revista Colombiana De Cirugía,A2,2016,20117582
Acta De Otorrinolaringología & Cirugía De Cabeza Y Cuello,C,2016,01208411
Revista Teckne,C,2016,1909793X
Revista Criminalidad,B,2016,17943108
Revista Ciencias Biomédicas,C,2016,22157840
Revista Del Instituto Colombiano De Derecho Procesal,B,2016,01232479
Diálogos De Saberes,C,2016,01240021
Revista Criterios,C,2016,20115733
Scientia Et Technica,C,2016,01221701
Arquetipo,C,2016,22159444
Dikaion - Lo Justo,B,2016,01208942
Palabra Clave,A2,2016,01228285
Duazary,C,2016,17945992
Tendencias,B,2016,01248693
Revista Historia De La Educacion Colombiana,C,2016,01237756
Revista Unimar,C,2016,01204327
Revista Colombiana De Medicina Física Y Rehabilitación,C,2016,01210041
Movimiento Científico,C,2016,20117191
Revista Iberoamericana De Psicología: Ciencia Y Tecnología,C,2016,20271786
Investigación Y Educación En Enfermería,A2,2016,01205307
Revista Facultad Nacional De Salud Publica,A2,2016,0120386X
Estudios De Filosofía,A2,2016,01213628
Mutatis Mutandis. Revista Latinoamericana De Traducción.,C,2016,2011799X
Revista Colombiana De Ciencias Sociales,C,2016,22161201
Revista Ingenierías Universidad De Medellín,A2,2016,16923324
Ratio Juris,C,2016,17946638
Cuestiones Teológicas Y Filosóficas,B,2016,0120131X
Pensamiento & Gestión,A2,2016,2145941X
Revista De Economía Del Caribe,A2,2016,20112106
Justicia Juris,B,2016,16928571
Juridicas Cuc,C,2016,16923030
In Vestigium Ire,C,2016,20119836
Ciencia En Desarrollo,A2,2016,01217488
Cuestiones De Filosofía,C,2016,01235095
Cuadernos De Lingüística Hispánica,A2,2016,0121053X
Biotecnología En El Sector Agropecuario Y Agroindustrial,A2,2016,16923561
Hacia La Promoción De La Salud,A2,2016,01217577
Academia & Derecho,B,2016,22158944
Rastros Rostros,C,2016,0124406X
Medicas Uis,B,2016,17945240
Revista Ces Psicología,A2,2016,20113080
Ces Medicina,C,2016,22159177
Tabula Rasa,A2,2016,17942489
Suelos Ecuatoriales,C,2016,05625351
Redes De Ingenieria,C,2016,2248762X
"Góndola, Enseñanza Y Aprendizaje De Las Ciencias",C,2016,23464712
Via Inveniendi Et Iudicandi Revista Virtual,C,2016,19090528
Hallazgos,B,2016,17943841
Revista Cife,C,2016,01243551
Análisis,C,2016,01208454
Mutis,C,2016,22561498
Punto De Vista,C,2016,0123580X
Biota Colombiana,A2,2016,01245376
Cuadernos Latinoamericanos De Administración,C,2016,19005016
Revista Colombiana De Bioética,B,2016,19006896
Universitas Psychologica,A1,2016,16579267
Universitas Scientiarum,A2,2016,01227483
Universitas Philosophica,A2,2016,01205323
Cuadernos De Literatura,B,2016,01228102
Finanzas Y Política Económica,A2,2016,22486046
Ciencia Y Poder Aéreo,C,2016,19097050
Análisis Político,A2,2016,01214705
Revista Colombiana De Matemáticas,A2,2016,00347426
Boletín De Matemáticas,B,2016,01200380
Momento,B,2016,01214470
Revista De Investigaciones Unad,C,2016,0124793X
Acta Odontologica Colombiana,C,2016,20277822
Revista Ciencia  Y Tecnología Para La Salud Visual Y Ocular,C,2016,16928415
Ciencia E Ingeniería Neogranadina,B,2016,01248170
Revista Colombiana De Física,B,2016,01202650
Revista De Derecho Privado,B,2016,01234366
Turismo Y Sociedad,C,2016,01207555
Historia Crítica,A1,2016,01211617
Antípoda : Revista De Antropología Y Arqueología,A2,2016,19005407
Medicina,B,2016,01205498
Tesis Psicologica,C,2016,19098391
Acta Neurológica Colombiana,A2,2016,01208748
Revista Colombiana De Cardiología,A2,2016,01205633
Revista Uninpahu,C,2016,01213652
Revista Politecnica,B,2016,19002351
Itinerario Educativo : Revista De La Facultad De Educación,C,2016,01212753
Educación Y Educadores,A2,2016,01231294
Aquichan,A1,2016,16575997
Revista Jurídica Piélagus,C,2016,16576799
Dyna,A1,2016,00127353
Ensayos De Economía,B,2016,0121117X
Ingeniería Y Ciencia,A2,2016,17949165
Lecturas De Economía,A2,2016,01202596
Estudios De Literatura Colombiana,B,2016,01234412
Anagramas : Rumbos Y Sentidos De La Comunicación,A2,2016,16922522
Semestre Económico,A2,2016,01206346
Escritos,A2,2016,01201263
Eidos,A2,2016,20117477
Salud Uninorte,A2,2016,20117531
Economía & Región,B,2016,16928989
Cultura Educacion Y Sociedad,C,2016,21459258
Economicas Cuc,B,2016,01203932
Justicia,B,2016,01247441
Principia Iuris,B,2016,01242067
Revista Biodiversidad Tropical,C,2016,20278918
Biosalud,A2,2016,16579550
Revista Latinoamericana De Estudios De Familia,B,2016,21456445
"Revista Latinoamericana De Ciencias Sociales, Niñez Y Juventud",A2,2016,1692715X
Revista Facultad De Ciencias Contables Económicas Y Administrativas Faccea,C,2016,16579553
Revista Actividad Fisica Y Desarrollo Humano,C,2016,16927427
Acta Agronomica,C,2016,23230118
Libre Empresa,C,2016,16572815
Colombia Médica,A1,2016,16579534
Ingeniería Y Competitividad,A2,2016,01233033
Livestock Research For Rural Development,B,2016,01213784
Revista Guillermo De Ockman,C,2016,1794192X
Enunciación,C,2016,01226339
Colombian Applied Linguistics Journal,A2,2016,01234641
Ingeniería,B,2016,0121750X
Diversitas : Perspectivas En Psicología,A2,2016,17949998
Revista Colombiana De Antropología,A2,2016,04866525
Fronteras De La Historia,B,2016,20274688
Administración & Desarrollo,C,2016,01203754
Revista Juridica Ideas De Ideas,C,2016,2027307X
Territorios,B,2016,01238418
Universitas Odontologica,B,2016,01204319
Cuadernos De Contabilidad,A2,2016,01231472
Revista De Salud Pública,A1,2016,01240064
Revista Colombiana De Biotecnología,A2,2016,01233475
Agronomía Colombiana,A2,2016,01209965
Revista Colombiana De Anestesiología,A2,2016,01203347
"Literatura: Teoria, Historia, Critica",A2,2016,01235931
Sotavento Mba,C,2016,01233734
Colombia Internacional,A2,2016,01215612
Revista Colombiana De Obstetricia Y Ginecología,A2,2016,00347434
Palobra Palabra Que Obra,C,2016,16570111
Clio América,C,2016,1909941X
Revista Intropica,C,2016,1794161X
Orinoquia,A2,2016,01213709
Revista Investigium Ire: Ciencias Sociales Y Humanas,C,2016,22161473
Criterios,C,2016,01218670
Mundo Amazonico,C,2016,21455074
Medicina & Laboratorio,B,2016,01232576
Historelo : Revista De Historia Regional Y Local,A2,2016,2145132X
Revista Ces Derecho,C,2016,21457719
Revista Ces Medicina Veterinaria Y Zootecnia,A2,2016,19009607
Ad-Minister Revista Escuela De Administración,A2,2016,16920279
Perspectivas En Nutrición Humana,A2,2016,01244108
Revista Colombiana De Ciencias Pecuarias,A1,2016,01200690
Iatreia,A2,2016,01210793
Lingüística Y Literatura,B,2016,01205587
Revista Antioqueña De Las Ciencias Computacionales Y La Ingeniería De Software (Raccis),C,2016,22487441
Tecno Lógicas,A2,2016,01237799
International Journal Of Psychological Research,A2,2016,20117922
Iconofacto,C,2016,19002785
Informes Psicológicos,C,2016,21453535
Medicina Upb,B,2016,01204874
Revista De Derecho,A2,2016,01218697
Prospectiva,B,2016,16928261
Advocatus,B,2016,01240102
Revista Psicogente,B,2016,01240137
Quaestiones Disputatae,C,2016,20110472
Revista Colombiana De Ciencias Hortícolas,A2,2016,20112173
Praxis & Saber,A2,2016,22160159
Ciencia Y Agricultura,B,2016,01228420
Revista Q,C,2016,19092814
Discusiones Filosóficas,A2,2016,01246127
Agronomía,B,2016,05683076
Ambiente Jurídico,C,2016,01239465
Temas Agrarios,B,2016,01227610
Revista Respuestas,C,2016,0122820X
Revista Lebret,C,2016,21455996
Revista Cuidarte,B,2016,22160973
Salud Uis,A2,2016,01210807
Anuario De Historia Regional Y De Las Fronteras,A2,2016,01222066
Medunab,B,2016,01237047
Revista Colombiana De Ciencias Animal-Recia,B,2016,20274297
Criterio Jurídico,C,2016,16573978
Revista Colombiana Salud Libre,C,2016,19007841
Prospectiva,B,2016,01221213
Revista Gastrohnup,C,2016,01243691
Contextos,C,2016,21453985
Nova: Publicación Científica En Ciencias Médicas,A2,2016,17942470
Revista Urologia Colombiana,B,2016,0120789X
How,B,2016,01205927
Revista Colombiana De Psiquiatría,A1,2016,00347450
Infancias Imágenes,C,2016,16579089
Colombia Forestal,A2,2016,01200739
Hojas Y Hablas,C,2016,17947030
Revista Inge@Uan,C,2016,21450935
Vox Populi- Revista De La Escuela De Finanzas Y Estudios Internacionales De La Fundación Universitaria San Martín (Sede Bogotá),C,2016,17946298
Revista Colombiana De Educación,A2,2016,01203916
Pedagogía Y Saberes,B,2016,01212494
Cuadernos De Administración,A2,2016,01203592
Magis - Revista Internacional De Investigación En Educación,B,2016,20271174
Cuadernos De Vivienda Y Urbanismo,B,2016,20272103
Apuntes,A2,2016,16579763
Boletín De Antropología,B,2016,01202510
Revista Alimentos Hoy,C,2016,2027291X
Revista Colombiana De Cancerología,C,2016,01239015
Investigaciones Andina,A2,2016,01248146
Revista Colombiana De Ciencias Químico Farmacéuticas,A2,2016,00347418
Trabajo Social,C,2016,01234986
Revista Colombiana De Psicología,A1,2016,01215469
Forma Y Función,A2,2016,0120338X
Revista Colombiana De Biotecnologia,A2,2016,19098758
Acta Biológica Colombiana,A2,2016,19001649
Ideas Y Valores,A2,2016,01200062
Revista Colombiana De Química,A2,2016,01202804
Revista Facultad De Ciencias Básicas,B,2016,19004699
Academia Y Virtualidad,C,2016,20110731
Revista De Investigación,C,2016,2011639X
Dimensión Empresarial,B,2016,16928563
Civilizar,A2,2016,16578953
Revista Corpoica,A2,2016,01228706
Audiología Hoy,C,2016,1657723X
"Saber, Ciencia Y Libertad",B,2016,17947154
Boletín De Investigaciones Marinas Y Costeras,A2,2016,01229761
Impetus,C,2016,20114680
Revista Latinoamericana De Etnomatemática,C,2016,20115474
Cuaderno Activa,C,2016,20278101
Co-Herencia,A2,2016,17945887
Vitae,A1,2016,01214004
Estudios De Derecho,B,2016,01201867
"Trilogía. Ciencia, Tecnologia Y Sociedad",C,2016,21454426
Revista Investigaciones Aplicadas,C,2016,20110413
I+D Revista De Investigaciones,C,2016,22561676
Psicología Desde El Caribe,A1,2016,20117485
Memorias,A2,2016,17948886
Educacion Y Humanismo,C,2016,01242121
Ingeniare,C,2016,19092458
Revista Facultad De Ingeniería,A2,2016,01211129
Revista Institucional De La Universidad Tecnológica Del Chocó,C,2016,16573498
Kepes,B,2016,17947111
Revista Del Departamento De Antropología Y Sociología Facultad De Ciencias Jurídicas Y Sociales,B,2016,01234471
Revista Colombiana De Las Artes Escénicas,C,2016,2011222X
Lumina,C,2016,01234072
Bistua : Revista  De La Facultad De Ciencias Básicas,B,2016,01204211
Face Revista De La Facultad De Ciencias Economicas U De Pamplona,C,2016,17949920
"Ct&F Ciencia, Tecnología Y Futuro",A1,2016,01225383
Revista Ustasalud Odontología,C,2016,16925106
Gerencia Tecnológica Informática - Gti,B,2016,16578236
Uis Ingenierías,B,2016,16574583
Ces Odontología,B,2016,0120971X
Revista Ces Medicina,A2,2016,01208705
Precedente,C,2016,16576535
Praxis Filosófica,A2,2016,01204688
Sociedad Y Economía,A2,2016,16576357
Ingenieria Y Competitividad,C,2016,20278284
Tecnura,A2,2016,0123921X
Memoria Y Sociedad,B,2016,01225197
Magistro,C,2016,20118643
Estudios Socio-Jurídicos,A2,2016,01240579
Nodo,B,2016,19093888
"Tea Tecné, Episteme Y Didaxis",B,2016,01213814
Nodos Y Nudos,B,2016,01224328
Cuadernos Hispanoamericanos De Psicología,C,2016,16573412
Cuadernos De Desarrollo Rural,A1,2016,01221450
Signo Y Pensamiento,A2,2016,01204823
Revista De Arquitectura,B,2016,16570308
"Revista Científica ""General José María Córdova""",B,2016,19006586
Revista De La Facultad De Medicina Veterinaria Y De Zootecnia,A2,2016,01202952
Desde El Jardín De Freud,C,2016,16573986
Anuario Colombiano De Historia Social,A2,2016,01202456
Equidad & Desarrollo,C,2016,16927311
Revista De Medicina Veterinaria,A2,2016,01229354
Actualidades Pedagógicas,C,2016,01201700
Educacion Y Desarrollo Social,C,2016,20115318
Oasis,B,2016,16577558
Revista De Ingeniería,A2,2016,01214993
Criterio Libre,B,2016,19000642
Cooperativismo & Desarrollo,C,2016,01207180
Arka Revista De Arquitectura,C,2016,22158987
Boletín Científico Cioh,B,2016,01200542
R.F.S. Revista Facultad De Salud Universidad Surcolombiana,C,2016,21451362
Jangwa Pana,C,2016,16574923
Revista De Ciencias Agricolas,B,2016,01200135
Revista De La Asociación Colombiana De Dermatología Y Cirugía Dermatológica,C,2016,16570448
Boletín De Ciencias De La Tierra,A2,2016,01203630
Revista Latinoamericana De Bioetica/Latinamerican Journal Of Bioethics,A2,2016,16574702
Journal Of Agriculture And Animal Sciences,C,2016,22563342
Eafit Journal Of International Law,C,2016,22160965
Revista Interamericana De Bibliotecología,A2,2016,01200976
Revista Facultad De Ingeniería,A1,2016,01206230
Ingenierias Usbmed,C,2016,20275846
Aletheia,B,2016,21450366
Zona Proxima,B,2016,21459444
Investigación & Desarrollo,A2,2016,20117574
Encuentros,B,2016,16925858
Escenarios,C,2016,17941180
Inge-Cuc,C,2016,01226517
Modulo Arquitectura- Cuc,C,2016,01246542
"Revista De Investigacion, Desarrollo E Innovacion",B,2016,20278306
Revista De La Facultad Ciencias De La Salud Universidad Del Cauca,C,2016,0124308X
Boletín Científico Del Museo De Historia Natural,A2,2016,01233068
Revista De Investigaciones,C,2016,0121067X
Revista Ingenio Ufpso,C,2016,2011642X
Temas,C,2016,16926226
Dixi,C,2016,01247255
"Fuentes, El Reventón Energético",B,2016,16576527
Revista Colombiana De Neumología,B,2016,01215426
Estudios Gerenciales,A2,2016,01235923
Revista De Psicologia Gepu,B,2016,21456569
Revista Colombiana De Entomología,A1,2016,01200488
Revista Colombiana De Reumatología,A2,2016,01218123
Albertus Magnus,C,2016,20119771
Suma De Negocios,C,2016,2215910X
Revista Universidad Y Empresa,C,2016,01244639
Folios,A2,2016,01234870
Lúdica Pedagógica,B,2016,01214128
Revista Colombiana De Enfermeria,C,2016,19091621
Actualizaciones En Enfermería,C,2016,01235583
Theologica Xaveriana,A2,2016,01203649
"Cuadernos De Música, Artes Visuales Y Artes Escénicas",B,2016,17946670
Universitas Médica,B,2016,00419095
Ingeniería Y Universidad,A2,2016,01232126
Acta Colombiana De Psicología,A1,2016,01239155
Biomédica,A1,2016,01204157
Revista De La Facultad De Medicina De La Universidad Nacional De Colombia,A2,2016,01200011
Gestión Y Ambiente,C,2016,0124177X
Cuadernos De Geografía,A2,2016,0121215X
Revista Ciencia Animal,C,2016,2011513X
Prolegomenos : Derechos Y Valores,B,2016,0121182X
Revista@E-Mercatoria,B,2016,16923960
Revista Digital De Derecho Administrativo,C,2016,21452946
Voces Y Silencios,C,2016,22158421
Revista Via Iuris,C,2016,19095759
Spei Domus,C,2016,17947928
Memorias,C,2016,01244361
Ingenieria Solidaria,C,2016,19003102
Revista Civilizar De Empresa Y Economía,C,2016,21456194
Revista Medica De Risaralda,B,2016,01220667
Textos Y Sentidos,C,2016,22158812
Entre Ciencia E Ingenieria,B,2016,19098367
Revista Respuestas,C,2017,0122820X
Revista Colombiana De Tecnologías De Avanzada,C,2017,16927257
Revista Mvz Córdoba,B,2017,01220268
El Ágora Usb,B,2018,16578031
Apuntes Del Cenes,B,2017,01203053
Ciencia En Desarrollo,C,2017,01217488
Cuadernos De Lingüística Hispánica,C,2018,0121053X
"Revista De Investigacion, Desarrollo E Innovacion",C,2017,20278306
Ingeniería Y Competitividad,C,2018,01233033
Sociedad Y Economía,B,2018,16576357
Sociedad Y Economía,B,2017,16576357
Revista Latinoamericana De Etnomatemática,B,2017,20115474
Clio América,C,2018,1909941X
Clio América,C,2017,1909941X
Pensando Psicologia,C,2017,19003099
Revista Eia,B,2017,17941237
Revista Psicogente,C,2017,01240137
Investigación Y Educación En Enfermería,B,2017,01205307
Iatreia,C,2018,01210793
Investigación Y Educación En Enfermería,B,2018,01205307
Iatreia,C,2017,01210793
Íkala,B,2017,01233432
Ces Medicina,C,2017,22159177
Revista Ces Medicina Veterinaria Y Zootecnia,C,2017,19009607
Entramado,B,2017,19003803
Diálogos De Saberes,C,2017,01240021
Academia & Derecho,B,2018,22158944
Revista Colombiana De Cardiología,C,2017,01205633
Historia Caribe,C,2018,01228803
Historia Caribe,C,2017,01228803
Antípoda : Revista De Antropología Y Arqueología,B,2018,19005407
Historia Crítica,C,2018,01211617
Revista De Educación En Ingeniería,C,2017,19008260
Prolegomenos : Derechos Y Valores,C,2018,0121182X
Prolegomenos : Derechos Y Valores,C,2017,0121182X
Revista Colombiana De Sociología,C,2018,0120159X
Ideas Y Valores,C,2017,01200062
Ensayos De Economía,C,2017,0121117X
Infectio,B,2017,01239392
Acta Médica Colombiana,C,2018,01202448
Universitas Scientiarum,A2,2018,01227483
Magis - Revista Internacional De Investigación En Educación,C,2017,20271174
Revista Gerencia Y Políticas De Salud,C,2018,16577027
"Tea Tecné, Episteme Y Didaxis",B,2017,01213814
Folios,B,2017,01234870
"Revista De La Academia Colombiana De Ciencias Exactas, Físicas Y Naturales",B,2018,03703908
Revista Republicana,C,2017,19094450
Revista Iteckne,C,2018,16921798
Infancias Imágenes,C,2017,16579089
Colombian Applied Linguistics Journal,B,2017,01234641
Memorias,C,2017,17948886
"Revista Latinoamericana De Ciencias Sociales, Niñez Y Juventud",B,2018,1692715X
Ánfora,C,2017,01216538
Boletín De Geología,C,2018,01200283
Escritos,C,2017,01201263
Informes Psicológicos,C,2017,21453535
Dikaion - Lo Justo,C,2018,01208942
Revista Guillermo De Ockman,C,2018,1794192X
Livestock Research For Rural Development,C,2018,01213784
Praxis & Saber,C,2017,22160159
Revista Facultad De Ingeniería,C,2018,01211129
Perspectiva Geográfica,C,2018,01233769
Ciencia En Desarrollo,C,2018,01217488
Revista Historia De La Educación Latinoamericana,B,2017,01227238
Lenguaje,C,2017,01203479
Cuadernos De Administración,B,2017,01204645
Revista Kavilando,C,2018,20272391
Trashumante,A2,2017,23229381
Revista Colombiana De Ciencias Pecuarias,B,2017,01200690
Diálogos De Saberes,C,2018,01240021
Revista Lasallista De Investigación,C,2018,17944449
Encuentros,C,2018,16925858
Encuentros,C,2017,16925858
Revista Criminalidad,B,2018,17943108
Desarrollo Y Sociedad,C,2017,01203584
Revista Derecho Del Estado,A2,2018,01229893
Discusiones Filosóficas,C,2018,01246127
Turismo Y Sociedad,C,2018,01207555
Revista Latinoamericana De Bioetica/Latinamerican Journal Of Bioethics,B,2017,16574702
Revista De La Facultad De Medicina Veterinaria Y De Zootecnia,C,2017,01202952
Revista De La Facultad De Medicina De La Universidad Nacional De Colombia,B,2018,01200011
Revista De La Facultad De Medicina Veterinaria Y De Zootecnia,C,2018,01202952
Ideas Y Valores,C,2018,01200062
Cuadernos De Geografía,B,2017,0121215X
Ingeniería E Investigación,B,2017,01205609
Acta Biológica Colombiana,B,2017,0120548X
Profile,B,2017,16570790
Acta Colombiana De Psicología,B,2018,01239155
Finanzas Y Política Económica,B,2017,22486046
Acta Colombiana De Psicología,B,2017,01239155
Universitas Psychologica,B,2018,16579267
Cuadernos De Vivienda Y Urbanismo,C,2017,20272103
Universitas Psychologica,B,2017,16579267
Universitas Humanística,B,2018,01204807
Signo Y Pensamiento,B,2018,01204823
Ambiente Y Desarrollo,C,2017,01217607
Universitas Humanística,B,2017,01204807
Fronteras De La Historia,C,2017,20274688
Aglala,B,2018,22157360
Colombian Applied Linguistics Journal,B,2018,01234641
How,C,2018,01205927
Discusiones Filosóficas,C,2017,01246127
Latinoamericana De Estudios Educativos,B,2018,19009895
Jurídicas,C,2018,17942918
Reflexión Política,B,2017,01240781
Ciencia Y Cuidado,B,2018,17949831
Revista Respuestas,C,2018,0122820X
Uis Ingenierías,C,2018,16574583
Ion,C,2018,0120100X
Informes Psicológicos,C,2018,21453535
Persona Y Bioética,C,2017,01233122
Educación Y Educadores,B,2017,01231294
Revista Internacional De Cooperación Y Desarrollo,C,2017,23825014
Psychologia. Avances De La Disciplina,B,2017,19002386
Cuadernos De Lingüística Hispánica,C,2017,0121053X
Revista Facultad De Ingeniería,C,2017,01211129
Historia Y Espacio,B,2017,01204661
Cs,B,2017,20110324
Jangwa Pana,C,2018,16574923
Pensando Psicologia,C,2018,19003099
Tecno Lógicas,B,2018,01237799
Tecno Lógicas,B,2017,01237799
Revista Eia,B,2018,17941237
Opinión Jurídica,C,2018,16922530
Anagramas : Rumbos Y Sentidos De La Comunicación,C,2017,16922522
Revista Kavilando,C,2017,20272391
Mutatis Mutandis. Revista Latinoamericana De Traducción.,B,2018,2011799X
Mutatis Mutandis. Revista Latinoamericana De Traducción.,B,2017,2011799X
Estudios De Literatura Colombiana,B,2017,01234412
Ingeniería Y Ciencia,B,2017,17949165
Co-Herencia,A2,2017,17945887
Luciernaga : Revista Virtual,C,2017,20271557
Entramado,B,2018,19003803
Producción + Limpia,C,2018,19090455
Revista Colombiana De Ciencias Hortícolas,B,2017,20112173
Revista Colombiana De Cardiología,C,2018,01205633
Economicas Cuc,C,2017,01203932
Revista Criminalidad,B,2017,17943108
Antípoda : Revista De Antropología Y Arqueología,B,2017,19005407
Revista Derecho Del Estado,A2,2017,01229893
Revista Facultad De Ciencias Básicas,C,2018,19004699
Historelo : Revista De Historia Regional Y Local,C,2017,2145132X
"Innovar, Revista De Ciencias Administrativas Y Sociales",C,2018,01215051
Revista Colombiana De Ciencias Químico Farmacéuticas,B,2018,00347418
Agronomía Colombiana,B,2017,01209965
Análisis Político,A1,2018,01214705
Acta Agronómica,C,2017,01202812
Análisis Político,A1,2017,01214705
Investigaciones Andina,B,2017,01248146
Revista Latinoamericana De Psicología,A2,2018,01200534
Finanzas Y Política Económica,B,2018,22486046
Vitae,B,2017,01214004
Investigación En Enfermería :Imagen Y Desarrollo,C,2018,01242059
Signo Y Pensamiento,B,2017,01204823
Cuadernos De Literatura,C,2017,01228102
Memoria Y Sociedad,B,2017,01225197
Revista Gerencia Y Políticas De Salud,C,2017,16577027
Revista Escuela De Administración De Negocios,B,2018,01208160
"Tea Tecné, Episteme Y Didaxis",B,2018,01213814
Revista Colombiana De Educación,B,2017,01203916
Desafíos,C,2017,01244035
Suma De Negocios,B,2018,2215910X
Revista Colombiana De Antropología,B,2017,04866525
Diversitas : Perspectivas En Psicología,B,2018,17949998
Colombia Forestal,C,2018,01200739
Enunciación,C,2017,01226339
Revista Colombiana De Entomología,C,2017,01200488
Revista Virtual Universidad Católica Del Norte,B,2018,01245821
Nomadas,B,2017,01217550
"Ct&F Ciencia, Tecnología Y Futuro",B,2017,01225383
Psicología Desde El Caribe,B,2018,20117485
Revista De Derecho,B,2017,01218697
Latinoamericana De Estudios Educativos,B,2017,19009895
Entre Ciencia E Ingenieria,C,2018,19098367
Reflexión Política,B,2018,01240781
Revista Colombiana De Tecnologías De Avanzada,C,2018,16927257
Uis Ingenierías,C,2017,16574583
Revista Facultad De Derecho Y Ciencias Políticas,B,2018,01203886
Palabra Clave,A2,2017,01228285
Educación Y Educadores,B,2018,01231294
Psychologia. Avances De La Disciplina,B,2018,19002386
El Ágora Usb,B,2017,16578031
Revista De Investigacion Agraria Ambiental,C,2017,21456097
Revista Historia De La Educación Latinoamericana,B,2018,01227238
Praxis & Saber,C,2018,22160159
Colombia Médica,A2,2017,16579534
Cuadernos De Administración,B,2018,01204645
Historia Y Espacio,B,2018,01204661
Colombia Médica,A2,2018,16579534
Estudios Gerenciales,B,2018,01235923
Informador Tecnico,C,2018,0122056X
Duazary,B,2018,17945992
Revista Colombiana De Ciencias Sociales,B,2017,22161201
Lámpsakos,C,2017,21454086
Estudios De Filosofía,C,2017,01213628
Revista Interamericana De Bibliotecología,B,2018,01200976
Vitae,B,2018,01214004
Estudios Políticos,B,2017,01215167
Lecturas De Economía,B,2017,01202596
Ad-Minister Revista Escuela De Administración,B,2017,16920279
Revista Ces Psicología,B,2017,20113080
"Saber, Ciencia Y Libertad",B,2017,17947154
Criterio Libre,B,2018,19000642
Revista Lasallista De Investigación,C,2017,17944449
Revista Colombiana De Ciencias Hortícolas,B,2018,20112173
Economicas Cuc,C,2018,01203932
Tecciencia,C,2018,19093667
Revista De Estudios Sociales,B,2018,0123885X
Colombia Internacional,B,2017,01215612
Revista De Derecho Privado,C,2018,01234366
Revista De Educación En Ingeniería,C,2018,19008260
Revista Facultad De Ciencias Económicas : Investigación Y Reflexión,B,2018,01216805
Revista Latinoamericana De Bioetica/Latinamerican Journal Of Bioethics,B,2018,16574702
"Revista De Relaciones Internacionales, Estrategia Y Seguridad",B,2018,19093063
Revista Facultad De Ciencias Económicas : Investigación Y Reflexión,B,2017,01216805
Ciencia E Ingeniería Neogranadina,B,2017,01248170
Equidad & Desarrollo,C,2018,16927311
Bitácora Urbano Territorial,C,2017,01247913
Revista Cuadernos De Economía,B,2018,01214772
Revista Colombiana De Estadística,B,2017,01201751
Agronomía Colombiana,B,2018,01209965
Revista De La Facultad De Medicina De La Universidad Nacional De Colombia,B,2017,01200011
Acta Agronómica,C,2018,01202812
Earth Sciences Research Journal,B,2018,17946190
Revista Colombiana De Matemáticas,C,2018,00347426
Historelo : Revista De Historia Regional Y Local,C,2018,2145132X
Revista Colombiana De Biotecnología,B,2018,01233475
Revista Facultad Nacional De Agronomía - Medellín,B,2017,03042847
Revista Colombiana De Psicología,C,2017,01215469
Investigaciones Andina,B,2018,01248146
Revista U.D.C.A. Actualidad & Divulgación Científica,B,2017,01234226
"Revista Científica ""General José María Córdova""",C,2017,19006586
Investigación En Enfermería :Imagen Y Desarrollo,C,2017,01242059
Universitas Scientiarum,A2,2017,01227483
Revista Colombiana De Bioética,C,2017,19006896
Revista Colombiana De Educación,B,2018,01203916
Folios,B,2018,01234870
Suma Psicológica,B,2018,01214381
Suma De Negocios,B,2017,2215910X
"Revista De La Academia Colombiana De Ciencias Exactas, Físicas Y Naturales",B,2017,03703908
Revista Colombiana De Antropología,B,2018,04866525
Revista Republicana,C,2018,19094450
Palobra Palabra Que Obra,B,2017,16570111
Panorama Económico,B,2018,01228900
Hallazgos,B,2018,17943841
Diversitas : Perspectivas En Psicología,B,2017,17949998
Colombia Forestal,C,2017,01200739
Visión Electrónica: Algo Más Que Un Estado Sólido,C,2017,19099746
Revista Científica,C,2018,01242253
Revista Colombiana De Psiquiatría,C,2017,00347450
Revista Urologia Colombiana,C,2017,0120789X
Tabula Rasa,B,2017,17942489
Scientia Et Technica,B,2017,01221701
Eleuthera,C,2017,20114532
Boletín Científico Del Museo De Historia Natural,A2,2018,01233068
Eleuthera,C,2018,20114532
Revista Luna Azul,C,2018,19092474
Kepes,A2,2018,17947111
Ciencia Y Cuidado,B,2017,17949831
Dikaion - Lo Justo,C,2017,01208942
Palabra Clave,A2,2018,01228285
Persona Y Bioética,C,2018,01233122
International Journal Of Psychological Research,C,2017,20117922
Revista De Investigacion Agraria Ambiental,C,2018,21456097
Apuntes Del Cenes,B,2018,01203053
Lenguaje,C,2018,01203479
Ingeniería Y Competitividad,C,2017,01233033
Universidad Y Salud,C,2017,01247107
Universidad Y Salud,C,2018,01247107
Civilizar,C,2018,16578953
Ingenieria Solidaria,C,2017,19003102
Orinoquia,C,2017,01213709
"Trilogía. Ciencia, Tecnologia Y Sociedad",C,2017,21454426
Revista Ingenierías Universidad De Medellín,B,2018,16923324
Semestre Económico,B,2018,01206346
Trashumante,A2,2018,23229381
Revista Interamericana De Bibliotecología,B,2017,01200976
Revista Facultad De Ingeniería,B,2017,01206230
Co-Herencia,A2,2018,17945887
Ingeniería Y Ciencia,B,2018,17949165
Ces Medicina,C,2018,22159177
Revista Cuidarte,C,2018,22160973
Inge-Cuc,B,2018,01226517
Prospectiva,C,2017,16928261
Revista Colombiana De Obstetricia Y Ginecología,C,2017,00347434
Tecciencia,C,2017,19093667
Revista De Economía Institucional,B,2018,01245996
Revista De Derecho Privado,C,2017,01234366
Ciencia E Ingeniería Neogranadina,B,2018,01248170
Revista Colombiana De Biotecnología,B,2017,01233475
Revista De Salud Pública,C,2018,01240064
Revista Colombiana De Anestesiología,B,2018,01203347
Revista Colombiana De Estadística,B,2018,01201751
Ingeniería E Investigación,B,2018,01205609
Revista Colombiana De Sociología,C,2017,0120159X
Infectio,B,2018,01239392
Biomédica,A2,2017,01204157
Acta Médica Colombiana,C,2017,01202448
Ingeniería Y Universidad,C,2018,01232126
"Cuadernos De Música, Artes Visuales Y Artes Escénicas",C,2018,17946670
Theologica Xaveriana,B,2018,01203649
Magis - Revista Internacional De Investigación En Educación,C,2018,20271174
Cuadernos De Vivienda Y Urbanismo,C,2018,20272103
Pedagogía Y Saberes,B,2018,01212494
Pedagogía Y Saberes,B,2017,01212494
Revista Universidad Y Empresa,B,2017,01244639
Fronteras De La Historia,C,2018,20274688
Palobra Palabra Que Obra,B,2018,16570111
Hallazgos,B,2017,17943841
Vínculos,C,2018,1794211X
Ingenieria Y Desarrollo,C,2017,21459371
Ingenieria Y Desarrollo,C,2018,21459371
"Revista Latinoamericana De Ciencias Sociales, Niñez Y Juventud",B,2017,1692715X
Kepes,A2,2017,17947111
Bistua : Revista  De La Facultad De Ciencias Básicas,C,2017,01204211
Salud Uis,C,2018,01210807
Revista Facultad De Derecho Y Ciencias Políticas,B,2017,01203886
Escritos,C,2018,01201263
Aquichan,C,2018,16575997
Aquichan,C,2017,16575997
Revista Internacional De Cooperación Y Desarrollo,C,2018,23825014
Perspectiva Geográfica,C,2017,01233769
Duazary,B,2017,17945992
Orinoquia,C,2018,01213709
Anagramas : Rumbos Y Sentidos De La Comunicación,C,2018,16922522
Semestre Económico,B,2017,01206346
Revista Colombiana De Ciencias Sociales,B,2018,22161201
Lámpsakos,C,2018,21454086
Revista Psicogente,C,2018,01240137
Revista Facultad De Odontología,B,2017,0121246X
Revista Colombiana De Ciencias Pecuarias,B,2018,01200690
Revista Facultad Nacional De Salud Publica,C,2018,0120386X
Revista Facultad Nacional De Salud Publica,C,2017,0120386X
Revista Ces Psicología,B,2018,20113080
Revista Politecnica,C,2017,19002351
Luciernaga : Revista Virtual,C,2018,20271557
Academia & Derecho,B,2017,22158944
Criterio Libre,B,2017,19000642
Revista Avancesinvestigacion En Ingenieria,C,2018,17944953
"Saber, Ciencia Y Libertad",B,2018,17947154
Revista Pensamiento Americano,C,2018,20272448
Revista Logos Ciencia 6& Tecnologia,B,2017,2145549X
Educación Y Ciudad,B,2018,01230425
Revista De Estudios Sociales,B,2017,0123885X
Historia Crítica,C,2017,01211617
"Revista De Relaciones Internacionales, Estrategia Y Seguridad",B,2017,19093063
Caldasia,B,2018,03665232
Gestión Y Ambiente,C,2017,0124177X
Revista Cuadernos De Economía,B,2017,01214772
Caldasia,B,2017,03665232
Ensayos De Economía,C,2018,0121117X
Anuario Colombiano De Historia Social,A2,2018,01202456
Profile,B,2018,16570790
Revista U.D.C.A. Actualidad & Divulgación Científica,B,2018,01234226
Revista Latinoamericana De Psicología,A2,2017,01200534
Revista De Arquitectura,B,2017,16570308
Cuadernos De Desarrollo Rural,B,2017,01221450
Cuadernos De Desarrollo Rural,B,2018,01221450
Pensamiento Psicológico,B,2017,16578961
Revista Escuela De Administración De Negocios,B,2017,01208160
Revista Colombiana De Bioética,C,2018,19006896
Estudios Socio-Jurídicos,B,2018,01240579
Territorios,B,2017,01238418
Revista Universidad Y Empresa,B,2018,01244639
Panorama Económico,B,2017,01228900
Aglala,B,2017,22157360
Cuadernos De Filosofía Latinoamericana,C,2017,01208462
Vínculos,C,2017,1794211X
Revista Urologia Colombiana,C,2018,0120789X
Revista De Derecho,B,2018,01218697
Eidos,C,2017,20117477
Salud Uninorte,C,2017,20117531
Jurídicas,C,2017,17942918
Boletín Científico Del Museo De Historia Natural,A2,2017,01233068
Revista Luna Azul,C,2017,19092474
Hacia La Promoción De La Salud,B,2018,01217577
Hacia La Promoción De La Salud,B,2017,01217577
Entre Ciencia E Ingenieria,C,2017,19098367
Bistua : Revista  De La Facultad De Ciencias Básicas,C,2018,01204211
Revista Corpoica,C,2017,01228706
Ion,C,2017,0120100X
Anuario De Historia Regional Y De Las Fronteras,C,2018,01222066
International Journal Of Psychological Research,C,2018,20117922
Livestock Research For Rural Development,C,2017,01213784
Informador Tecnico,C,2017,0122056X
Jangwa Pana,C,2017,16574923
Civilizar,C,2017,16578953
Revista Facultad De Ingeniería,B,2018,01206230
Estudios Políticos,B,2018,01215167
Lecturas De Economía,B,2018,01202596
Estudios De Literatura Colombiana,B,2018,01234412
Revista Avancesinvestigacion En Ingenieria,C,2017,17944953
Revista Cuidarte,C,2017,22160973
Producción + Limpia,C,2017,19090455
Revista Pensamiento Americano,C,2017,20272448
Educación Y Ciudad,B,2017,01230425
Desarrollo Y Sociedad,C,2018,01203584
Turismo Y Sociedad,C,2017,01207555
Revista De Economía Institucional,B,2017,01245996
Revista Facultad De Ciencias Básicas,C,2017,19004699
Equidad & Desarrollo,C,2017,16927311
Earth Sciences Research Journal,B,2017,17946190
Revista De Salud Pública,C,2017,01240064
Avances De Enfermería,C,2018,01214500
Revista Colombiana De Psicología,C,2018,01215469
Dyna,A2,2018,00127353
Revista Colombiana De Química,C,2018,01202804
Cuadernos De Geografía,B,2018,0121215X
Revista Colombiana De Química,C,2017,01202804
Revista Colombiana De Gastroenterología,C,2017,01209957
Biomédica,A2,2018,01204157
"Gist, Education And Learning Research Journal",B,2018,16925777
Revista De Arquitectura,B,2018,16570308
"Cuadernos De Música, Artes Visuales Y Artes Escénicas",C,2017,17946670
Ambiente Y Desarrollo,C,2018,01217607
Vniversitas,C,2017,00419060
Theologica Xaveriana,B,2017,01203649
Memoria Y Sociedad,B,2018,01225197
Estudios Socio-Jurídicos,B,2017,01240579
"Anuario Electrónico De Estudios En Comunicación Social ""Disertarciones""",B,2017,18569536
Desafíos,C,2018,01244035
Territorios,B,2018,01238418
Suma Psicológica,B,2017,01214381
Cuadernos De Filosofía Latinoamericana,C,2018,01208462
Principia Iuris,C,2017,01242067
Infancias Imágenes,C,2018,16579089
Enunciación,C,2018,01226339
How,C,2017,01205927
Revista Colombiana De Entomología,C,2018,01200488
"Ct&F Ciencia, Tecnología Y Futuro",B,2018,01225383
Scientia Et Technica,B,2018,01221701
Salud Uninorte,C,2018,20117531
Memorias,C,2018,17948886
Ánfora,C,2018,01216538
Revista Corpoica,C,2018,01228706
Médicas Uis,C,2018,01210319
Médicas Uis,C,2017,01210319
Salud Uis,C,2017,01210807
Boletín De Geología,C,2017,01200283
Anuario De Historia Regional Y De Las Fronteras,C,2017,01222066
Revista Mvz Córdoba,B,2018,01220268
Revista Guillermo De Ockman,C,2017,1794192X
"Revista De Investigacion, Desarrollo E Innovacion",C,2018,20278306
Revista Latinoamericana De Etnomatemática,B,2018,20115474
Cs,B,2018,20110324
Estudios Gerenciales,B,2017,01235923
Ingenieria Solidaria,C,2018,19003102
"Trilogía. Ciencia, Tecnologia Y Sociedad",C,2018,21454426
Revista Ingenierías Universidad De Medellín,B,2017,16923324
Opinión Jurídica,C,2017,16922530
Estudios De Filosofía,C,2018,01213628
Revista Facultad De Odontología,B,2018,0121246X
Íkala,B,2018,01233432
Ad-Minister Revista Escuela De Administración,B,2018,16920279
Revista Ces Medicina Veterinaria Y Zootecnia,C,2018,19009607
Revista Politecnica,C,2018,19002351
Inge-Cuc,B,2017,01226517
Prospectiva,C,2018,16928261
Revista Logos Ciencia 6& Tecnologia,B,2018,2145549X
Revista Colombiana De Obstetricia Y Ginecología,C,2018,00347434
Colombia Internacional,B,2018,01215612
Bitácora Urbano Territorial,C,2018,01247913
Revista Colombiana De Matemáticas,C,2017,00347426
Revista Colombiana De Anestesiología,B,2017,01203347
"Innovar, Revista De Ciencias Administrativas Y Sociales",C,2017,01215051
Gestión Y Ambiente,C,2018,0124177X
Revista Facultad Nacional De Agronomía - Medellín,B,2018,03042847
Acta Biológica Colombiana,B,2018,0120548X
Dyna,A2,2017,00127353
Revista Colombiana De Ciencias Químico Farmacéuticas,B,2017,00347418
Anuario Colombiano De Historia Social,A2,2017,01202456
Avances De Enfermería,C,2017,01214500
Revista Colombiana De Gastroenterología,C,2018,01209957
"Gist, Education And Learning Research Journal",B,2017,16925777
"Revista Científica ""General José María Córdova""",C,2018,19006586
Vniversitas,C,2018,00419060
Cuadernos De Administración,B,2017,01203592
Cuadernos De Literatura,C,2018,01228102
Ingeniería Y Universidad,C,2017,01232126
Cuadernos De Administración,B,2018,01203592
Pensamiento Psicológico,B,2018,16578961
"Anuario Electrónico De Estudios En Comunicación Social ""Disertarciones""",B,2018,18569536
Revista Iteckne,C,2017,16921798
Principia Iuris,C,2018,01242067
Visión Electrónica: Algo Más Que Un Estado Sólido,C,2018,19099746
Revista Científica,C,2017,01242253
Revista Colombiana De Psiquiatría,C,2018,00347450
Revista Virtual Universidad Católica Del Norte,B,2017,01245821
Tabula Rasa,B,2018,17942489
Nomadas,B,2018,01217550
Psicología Desde El Caribe,B,2017,20117485
Eidos,C,2018,20117477
Journal De Ciencia E Ingenieria,C,2019,21452628
Discusiones Filosóficas,C,2020,01246127
Revista Corpoica,C,2019,01228706
Médicas Uis,C,2020,01210319
Salud Uis,C,2019,01210807
Revista Facultad De Derecho Y Ciencias Políticas,C,2019,01203886
Educación Y Educadores,B,2020,01231294
Educación Y Educadores,B,2019,01231294
Aquichan,C,2020,16575997
Revista Guillermo De Ockman,B,2019,1794192X
El Ágora Usb,B,2019,16578031
"Revista De Investigacion, Desarrollo E Innovacion",B,2020,20278306
La Palabra,B,2020,01218530
Revista Facultad De Ingeniería,B,2019,01211129
Apuntes Del Cenes,B,2020,01203053
Colombia Médica,B,2020,16579534
Sociedad Y Economía,B,2019,16576357
Informador Tecnico,C,2020,0122056X
Tropical Grasslands-Forrajes Tropicales,C,2019,23463775
Boletín De Investigaciones Marinas Y Costeras,B,2019,01229761
Ingenieria Solidaria,C,2020,19003102
Educacion Y Humanismo,B,2019,01242121
Justicia,B,2020,01247441
Revista Facultad De Ingeniería,B,2019,01206230
Uni-Pluriversidad,C,2019,16574249
Íkala,B,2020,01233432
Academia & Derecho,C,2020,22158944
"Saber, Ciencia Y Libertad",B,2020,17947154
Revista Cuidarte,B,2020,22160973
MUNDO FESC,C,2019,22160388
Cultura Educacion Y Sociedad,C,2020,21459258
Economicas Cuc,C,2019,01203932
Revista Pensamiento Americano,C,2020,20272448
Cuadernos De Literatura Del Caribe E Hispanoamérica,C,2019,17948290
Revista Via Iuris,C,2020,19095759
Tesis Psicologica,B,2019,19098391
Revista De Estudios Sociales,A2,2019,0123885X
Revista De Derecho Privado,B,2019,01234366
Revista Derecho Del Estado,C,2019,01229893
Ciencia E Ingeniería Neogranadina,B,2020,01248170
Revista De La Facultad De Medicina Veterinaria Y De Zootecnia,B,2019,01202952
Revista Colombiana De Matemáticas,C,2019,00347426
Dyna,B,2020,00127353
Forma Y Función,C,2019,0120338X
Revista Cuadernos De Economía,C,2019,01214772
Revista Historia Y Sociedad,C,2019,01218417
Dyna,B,2019,00127353
Análisis Político,A2,2019,01214705
Gestión Y Ambiente,C,2019,0124177X
Revista Colombiana De Estadística,B,2020,01201751
Revista Colombiana De Anestesiología,B,2020,01203347
Revista Colombiana De Cancerología,C,2019,01239015
Acta Médica Colombiana,B,2020,01202448
Novum Jus: Revista Especializada en Sociología Jurídica y Política,C,2020,16926013
Acta Colombiana De Psicología,C,2019,01239155
Universitas Humanística,B,2019,01204807
Papel Político,C,2019,01224409
"Cuadernos De Música, Artes Visuales Y Artes Escénicas",C,2019,17946670
Signo Y Pensamiento,B,2020,01204823
Ambiente Y Desarrollo,C,2020,01217607
Memoria Y Sociedad,B,2019,01225197
Revista Gerencia Y Políticas De Salud,C,2019,16577027
Signo Y Pensamiento,B,2019,01204823
"Tea Tecné, Episteme Y Didaxis",C,2019,01213814
Via Inveniendi Et Iudicandi Revista Virtual,C,2020,19090528
Revista Interamericana De Investigación Educación Y Pedagogía,B,2020,1657107X
Colombian Applied Linguistics Journal,B,2020,01234641
Revista Colombiana De Reumatología,C,2019,01218123
Revista Urologia Colombiana,C,2019,0120789X
Revista Colombiana De Entomología,C,2019,01200488
"Aibi revista de investigación, administración e ingeniería",B,2020,2346030X
"Ct&F Ciencia, Tecnología Y Futuro",C,2020,01225383
Ingenieria Y Desarrollo,C,2019,21459371
Revista De Economía Del Caribe,C,2019,20112106
Latinoamericana De Estudios Educativos,C,2020,19009895
Revista Corpoica,C,2020,01228706
Médicas Uis,C,2019,01210319
Ion,C,2020,0120100X
Informes Psicológicos,C,2019,21453535
Ingenierias Usbmed,C,2019,20275846
Revista Guillermo De Ockman,B,2020,1794192X
El Ágora Usb,B,2020,16578031
Psychologia. Avances De La Disciplina,B,2019,19002386
Ciencia En Desarrollo,C,2019,01217488
Cuadernos De Administración,B,2020,01204645
Estudios Gerenciales,B,2019,01235923
Cs,B,2019,20110324
Informador Tecnico,C,2019,0122056X
Tropical Grasslands-Forrajes Tropicales,C,2020,23463775
Praxis,C,2019,16574915
Revista Colombiana De Ciencias Sociales,B,2019,22161201
Ciencia e Innovación en Salud,B,2019,23448636
Estudios Políticos,B,2020,01215167
Revista Interamericana De Bibliotecología,C,2020,01200976
Perspectivas En Nutrición Humana,C,2019,01244108
Perspectivas En Nutrición Humana,C,2020,01244108
Lecturas De Economía,B,2020,01202596
Trashumante,A2,2020,23229381
Co-Herencia,A2,2019,17945887
Co-Herencia,A2,2020,17945887
Ces Medicina,C,2019,22159177
Producción + Limpia,C,2019,19090455
Inge-Cuc,B,2020,01226517
Revista Logos Ciencia 6& Tecnologia,B,2019,2145549X
Revista Criminalidad,B,2019,17943108
Revista Colombiana De Cirugía,C,2020,20117582
Revista De Estudios Sociales,A2,2020,0123885X
Desarrollo Y Sociedad,C,2019,01203584
Revista De Economía Institucional,C,2019,01245996
Revista De Educación En Ingeniería,C,2020,19008260
Revista Facultad De Ciencias Básicas,C,2020,19004699
Revista Colombiana De Química,C,2020,01202804
Revista Colombiana De Sociología,C,2019,0120159X
Ideas Y Valores,B,2019,01200062
Revista Colombiana De Psicología,B,2020,01215469
Cuadernos De Geografía,B,2019,0121215X
Revista Colombiana De Química,C,2019,01202804
"Innovar, Revista De Ciencias Administrativas Y Sociales",C,2019,01215051
Agronomía Colombiana,C,2020,01209965
Revista De La Facultad De Medicina Veterinaria Y De Zootecnia,B,2020,01202952
Revista Facultad Nacional De Agronomía - Medellín,C,2019,03042847
Historelo : Revista De Historia Regional Y Local,C,2020,2145132X
Revista Colombiana De Cancerología,C,2020,01239015
Revista U.D.C.A. Actualidad & Divulgación Científica,B,2020,01234226
Biomédica,B,2019,01204157
Biomédica,B,2020,01204157
"Revista Científica ""General José María Córdova""",C,2019,19006586
Novum Jus: Revista Especializada en Sociología Jurídica y Política,C,2019,16926013
Theologica Xaveriana,A2,2020,01203649
Universitas Psychologica,C,2020,16579267
Cuadernos De Vivienda Y Urbanismo,C,2020,20272103
"Anuario Electrónico De Estudios En Comunicación Social ""Disertarciones""",C,2019,18569536
Territorios,C,2020,01238418
Fronteras De La Historia,C,2020,20274688
Revista Colombiana De Antropología,A2,2020,04866525
Ingeniería,B,2019,0121750X
Tabula Rasa,B,2020,17942489
Tabula Rasa,B,2019,17942489
"Aibi revista de investigación, administración e ingeniería",B,2019,2346030X
Zona Proxima,B,2020,21459444
Eidos,B,2019,20117477
Plumilla Educativa,C,2019,16574672
Ánfora,C,2019,01216538
Boletín Científico Del Museo De Historia Natural,A1,2020,01233068
Jurídicas,B,2019,17942918
Revista Luna Azul,B,2020,19092474
Kepes,A1,2019,17947111
Entre Ciencia E Ingenieria,C,2020,19098367
Ciencia Y Cuidado,C,2019,17949831
Ingenierias Usbmed,C,2020,20275846
Historia Y Memoria,C,2020,20275137
Apuntes Del Cenes,B,2019,01203053
Historia Y Memoria,C,2019,20275137
Ciencia En Desarrollo,C,2020,01217488
Historia Y Espacio,B,2019,01204661
Colombia Médica,B,2019,16579534
Praxis Filosófica,C,2019,01204688
Ingeniería Y Competitividad,C,2020,01233033
Duazary,C,2020,17945992
Civilizar,B,2020,16578953
Opinión Jurídica,C,2020,16922530
Anagramas : Rumbos Y Sentidos De La Comunicación,C,2019,16922522
Educacion Y Humanismo,B,2020,01242121
Íkala,B,2019,01233432
Uni-Pluriversidad,C,2020,16574249
Estudios Políticos,B,2019,01215167
Ecos De Economía,C,2019,16574206
Ingeniería Y Ciencia,B,2019,17949165
Ad-Minister Revista Escuela De Administración,B,2019,16920279
Revista Ces Psicología,B,2019,20113080
Verba Iuris,C,2019,01213474
Entramado,B,2020,19003803
Producción + Limpia,C,2020,19090455
Revista Colombiana De Ciencias Hortícolas,B,2019,20112173
Economicas Cuc,C,2020,01203932
Juridicas Cuc,C,2019,16923030
Semestre Económico,C,2019,01206346
Prospectiva,B,2019,16928261
Historia Caribe,C,2019,01228803
Colombia Internacional,A1,2020,01215612
Revista De Derecho Privado,B,2020,01234366
Revista Facultad De Ciencias Básicas,C,2019,19004699
Revista Latinoamericana De Bioetica/Latinamerican Journal Of Bioethics,B,2020,16574702
Academia Y Virtualidad,C,2020,20110731
Academia Y Virtualidad,C,2019,20110731
Revista Historia Y Sociedad,C,2020,01218417
Revista De Salud Pública,C,2019,01240064
Revista De La Facultad De Medicina De La Universidad Nacional De Colombia,C,2020,01200011
Revista Cuadernos De Economía,C,2020,01214772
Análisis Político,A2,2020,01214705
Investigaciones Andina,C,2019,01248146
"Gist, Education And Learning Research Journal",B,2020,16925777
Ingeniería Y Universidad,B,2020,01232126
Pedagogía Y Saberes,C,2020,01212494
Folios,B,2019,01234870
Suma Psicológica,B,2019,01214381
"Revista De La Academia Colombiana De Ciencias Exactas, Físicas Y Naturales",B,2019,03703908
Revista Colombiana De Antropología,A2,2019,04866525
Diversitas : Perspectivas En Psicología,B,2019,17949998
Revista Interamericana De Investigación Educación Y Pedagogía,B,2019,1657107X
Diversitas : Perspectivas En Psicología,B,2020,17949998
Tecnura,B,2019,0123921X
Revista Colombiana De Psiquiatría,C,2019,00347450
How,C,2019,01205927
Revista Virtual Universidad Católica Del Norte,B,2020,01245821
Nova: Publicación Científica En Ciencias Médicas,B,2020,17942470
Nova: Publicación Científica En Ciencias Médicas,B,2019,17942470
Salud Uninorte,C,2020,20117531
Revista De Derecho,C,2019,01218697
Salud Uninorte,C,2019,20117531
Psicología Desde El Caribe,B,2020,20117485
Investigación & Desarrollo,C,2019,20117574
Biotecnología En El Sector Agropecuario Y Agroindustrial,B,2019,16923561
Eleuthera,C,2019,20114532
Entre Ciencia E Ingenieria,C,2019,19098367
Uis Ingenierías,B,2019,16574583
Revista Integración,C,2020,0120419X
Aquichan,C,2019,16575997
Palabra Clave,A2,2020,01228285
Franciscanum,C,2020,01201468
Revista De Investigacion Agraria Ambiental,C,2019,21456097
Praxis & Saber,C,2019,22160159
REVISTA BOLETÍN REDIPE,C,2020,22561536
Praxis Filosófica,C,2020,01204688
Clio América,C,2020,1909941X
Praxis,C,2020,16574915
Revista Eia,B,2019,17941237
Mutatis Mutandis. Revista Latinoamericana De Traducción.,C,2020,2011799X
Revista De Psicología Universidad De Antioquia,C,2019,21454892
Revista Facultad Nacional De Salud Publica,B,2020,0120386X
Lingüística Y Literatura,C,2020,01205587
Trashumante,A2,2019,23229381
Revista Facultad De Ingeniería,B,2020,01206230
Contaduría Universidad De Antioquia,C,2020,01204203
Ad-Minister Revista Escuela De Administración,B,2020,16920279
Ingeniería Y Ciencia,B,2020,17949165
Dictamen Libre,C,2019,01240099
Revista Via Iuris,C,2019,19095759
Antípoda : Revista De Antropología Y Arqueología,A2,2019,19005407
Actualidades Pedagógicas,C,2019,01201700
Bitácora Urbano Territorial,C,2019,01247913
Gestión Y Ambiente,C,2020,0124177X
Revista Facultad Nacional De Agronomía - Medellín,C,2020,03042847
Acta Biológica Colombiana,B,2020,0120548X
Profile,B,2019,16570790
Revista Colombiana De Sociología,C,2020,0120159X
Revista Colombiana De Gastroenterología,C,2020,01209957
Revista Latinoamericana De Psicología,A2,2019,01200534
Ambiente Y Desarrollo,C,2019,01217607
Papel Político,C,2020,01224409
Cuadernos De Administración,C,2020,01203592
Apuntes,C,2020,16579763
Criterio Libre Jurídico,C,2020,17947200
Universitas Philosophica,C,2020,01205323
Revista Colombiana De Bioética,B,2020,19006896
Folios,B,2020,01234870
Revista Colombiana De Educación,B,2019,01203916
Desafíos,C,2019,01244035
Territorios,C,2019,01238418
Suma De Negocios,B,2019,2215910X
Biota Colombiana,C,2020,01245376
Aglala,B,2019,22157360
Via Inveniendi Et Iudicandi Revista Virtual,C,2019,19090528
Colombian Applied Linguistics Journal,B,2019,01234641
Ingeniería,B,2020,0121750X
Revista Urologia Colombiana,C,2020,0120789X
Revista Virtual Universidad Católica Del Norte,B,2019,01245821
Scientia Et Technica,B,2019,01221701
Memorias,B,2019,17948886
Memorias,B,2020,17948886
Zona Proxima,B,2019,21459444
Hacia La Promoción De La Salud,B,2020,01217577
Revista Integración,C,2019,0120419X
Salud Uis,C,2020,01210807
Revista Facultad De Derecho Y Ciencias Políticas,C,2020,01203886
Revista Mvz Córdoba,B,2019,01220268
International Journal Of Psychological Research,C,2020,20117922
Franciscanum,C,2019,01201468
Praxis & Saber,C,2020,22160159
Cuadernos De Lingüística Hispánica,B,2020,0121053X
"Revista De Investigacion, Desarrollo E Innovacion",B,2019,20278306
La Manzana De La Discordia,B,2020,19007922
Historia Y Espacio,B,2020,01204661
Cuadernos De Administración,B,2019,01204645
Universidad Y Salud,C,2019,01247107
Boletín De Investigaciones Marinas Y Costeras,B,2020,01229761
Revista Ingeniería Biomédica,C,2020,19099762
Revista Psicogente,B,2019,01240137
Iatreia,C,2020,01210793
Lingüística Y Literatura,C,2019,01205587
Investigación Y Educación En Enfermería,B,2020,01205307
Lecturas De Economía,B,2019,01202596
Mutatis Mutandis. Revista Latinoamericana De Traducción.,C,2019,2011799X
Entramado,B,2019,19003803
Cultura Educacion Y Sociedad,C,2019,21459258
Revista Pensamiento Americano,C,2019,20272448
Prospectiva,B,2020,16928261
Historia Caribe,C,2020,01228803
Revista Colombiana De Cirugía,C,2019,20117582
Historia Crítica,A2,2019,01211617
Antípoda : Revista De Antropología Y Arqueología,A2,2020,19005407
Ciencia E Ingeniería Neogranadina,B,2019,01248170
Equidad & Desarrollo,C,2019,16927311
Profile,B,2020,16570790
Avances De Enfermería,B,2019,01214500
Revista Colombiana De Ciencias Químico Farmacéuticas,C,2019,00347418
Ingeniería E Investigación,B,2019,01205609
"Revista Científica ""General José María Córdova""",C,2020,19006586
Finanzas Y Política Económica,B,2020,22486046
Investigación En Enfermería :Imagen Y Desarrollo,C,2019,01242059
Apuntes,C,2019,16579763
Universitas Scientiarum,B,2019,01227483
Investigación En Enfermería :Imagen Y Desarrollo,C,2020,01242059
Cuadernos De Vivienda Y Urbanismo,C,2019,20272103
Cuadernos De Contabilidad,B,2020,01231472
Theologica Xaveriana,A2,2019,01203649
Universitas Scientiarum,B,2020,01227483
Revista Escuela De Administración De Negocios,B,2019,01208160
Revista Salud Bosque,C,2020,22485759
Revista Salud Bosque,C,2019,22485759
Pedagogía Y Saberes,C,2019,01212494
Estudios Socio-Jurídicos,B,2020,01240579
"Anuario Electrónico De Estudios En Comunicación Social ""Disertarciones""",C,2020,18569536
Biota Colombiana,C,2019,01245376
"Revista De La Academia Colombiana De Ciencias Exactas, Físicas Y Naturales",B,2020,03703908
Revista Republicana,C,2020,19094450
Revista Científica,C,2019,01242253
Enunciación,C,2020,01226339
How,C,2020,01205927
"Ct&F Ciencia, Tecnología Y Futuro",C,2019,01225383
Ingenieria Y Desarrollo,C,2020,21459371
Psicología Desde El Caribe,B,2019,20117485
Revista De Economía Del Caribe,C,2020,20112106
Archivos De Medicina,C,2019,1657320X
"Revista Latinoamericana De Ciencias Sociales, Niñez Y Juventud",B,2019,1692715X
Archivos De Medicina,C,2020,1657320X
Ánfora,C,2020,01216538
Latinoamericana De Estudios Educativos,C,2019,19009895
Ciencia Y Cuidado,C,2020,17949831
Uis Ingenierías,B,2020,16574583
Ion,C,2019,0120100X
Informes Psicológicos,C,2020,21453535
International Journal Of Psychological Research,C,2019,20117922
Ingeniería Y Competitividad,C,2019,01233033
Tendencias,C,2019,01248693
Revista Latinoamericana De Etnomatemática,C,2019,20115474
Cs,B,2020,20110324
Revista Nacional De Odontología,C,2020,19003080
Tecno Lógicas,C,2020,01237799
Semestre Económico,C,2020,01206346
Revista Ingenierías Universidad De Medellín,B,2019,16923324
Opinión Jurídica,C,2019,16922530
Investigación e Innovación en Ingenierías,B,2020,23448652
Discusiones Filosóficas,C,2019,01246127
Revista Colombiana De Ciencias Pecuarias,B,2019,01200690
Vitae,C,2020,01214004
Revista Facultad Nacional De Salud Publica,B,2019,0120386X
Vitae,C,2019,01214004
Ces Odontología,B,2020,22159185
Revista Ces Psicología,B,2020,20113080
Criterio Libre,C,2019,19000642
Ingeniare,C,2019,19092458
Criterio Libre,C,2020,19000642
Revista Criminalidad,B,2020,17943108
Desarrollo Y Sociedad,C,2020,01203584
Colombia Internacional,A1,2019,01215612
Revista De Educación En Ingeniería,C,2019,19008260
Revista Latinoamericana De Bioetica/Latinamerican Journal Of Bioethics,B,2019,16574702
Revista Facultad De Ciencias Económicas : Investigación Y Reflexión,B,2019,01216805
Revista Colombiana De Matemáticas,C,2020,00347426
Anuario Colombiano De Historia Social,C,2020,01202456
Bitácora Urbano Territorial,C,2020,01247913
Ingeniería E Investigación,B,2020,01205609
Revista Colombiana De Estadística,B,2019,01201751
Earth Sciences Research Journal,B,2020,17946190
Acta Agronómica,C,2020,01202812
Trabajo Social,C,2020,01234986
Historelo : Revista De Historia Regional Y Local,C,2019,2145132X
Ideas Y Valores,B,2020,01200062
Revista Colombiana De Ciencias Químico Farmacéuticas,C,2020,00347418
Investigaciones Andina,C,2020,01248146
Revista Latinoamericana De Psicología,A2,2020,01200534
Acta Médica Colombiana,B,2019,01202448
"Gist, Education And Learning Research Journal",B,2019,16925777
Acta Colombiana De Psicología,C,2020,01239155
Cuadernos De Desarrollo Rural,B,2020,01221450
Cuadernos De Literatura,B,2020,01228102
Ingeniería Y Universidad,B,2019,01232126
Cuadernos De Desarrollo Rural,B,2019,01221450
Vniversitas,B,2020,00419060
Cuadernos De Administración,C,2019,01203592
Memoria Y Sociedad,B,2020,01225197
Universitas Humanística,B,2020,01204807
Magis - Revista Internacional De Investigación En Educación,C,2020,20271174
Revista Gerencia Y Políticas De Salud,C,2020,16577027
Vniversitas,B,2019,00419060
Revista Colombiana De Educación,B,2020,01203916
Suma Psicológica,B,2020,01214381
Colombia Forestal,B,2020,01200739
Revista Científica,C,2020,01242253
Revista Colombiana De Reumatología,C,2020,01218123
Investigación & Desarrollo,C,2020,20117574
Journal De Ciencia E Ingenieria,C,2020,21452628
Biotecnología En El Sector Agropecuario Y Agroindustrial,B,2020,16923561
Revista Colombiana De Tecnologías De Avanzada,B,2020,16927257
Sophia,C,2020,17948932
Boletín De Geología,B,2020,01200283
Boletín De Geología,B,2019,01200283
Palabra Clave,A2,2019,01228285
Revista De Investigacion Agraria Ambiental,C,2020,21456097
Revista Historia De La Educación Latinoamericana,B,2019,01227238
Revista Historia De La Educación Latinoamericana,B,2020,01227238
Revista Facultad De Ingeniería,B,2020,01211129
REVISTA BOLETÍN REDIPE,C,2019,22561536
Sociedad Y Economía,B,2020,16576357
La Manzana De La Discordia,B,2019,19007922
Universidad Y Salud,C,2020,01247107
Tendencias,C,2020,01248693
Clio América,C,2019,1909941X
Civilizar,B,2019,16578953
Revista Nacional De Odontología,C,2019,19003080
Tecno Lógicas,C,2019,01237799
Revista Ingeniería Biomédica,C,2019,19099762
Revista Ingenierías Universidad De Medellín,B,2020,16923324
Revista Colombiana De Ciencias Sociales,B,2020,22161201
Desarrollo Gerencial,B,2019,21455147
Investigación e Innovación en Ingenierías,B,2019,23448652
Justicia,B,2019,01247441
Revista Interamericana De Bibliotecología,C,2019,01200976
Boletín De Antropología,C,2019,01202510
Iatreia,C,2019,01210793
Boletín De Antropología,C,2020,01202510
Ecos De Economía,C,2020,16574206
Ces Odontología,B,2019,22159185
Ingeniare,C,2020,19092458
"Saber, Ciencia Y Libertad",B,2019,17947154
Juridicas Cuc,C,2020,16923030
Revista Iberoamericana De Psicología: Ciencia Y Tecnología,C,2019,20271786
Revista Iberoamericana De Psicología: Ciencia Y Tecnología,C,2020,20271786
Cuadernos De Literatura Del Caribe E Hispanoamérica,C,2020,17948290
Revista Derecho Del Estado,C,2020,01229893
Revista De Economía Institucional,C,2020,01245996
"Revista De Relaciones Internacionales, Estrategia Y Seguridad",C,2020,19093063
Prolegomenos : Derechos Y Valores,C,2019,0121182X
Caldasia,B,2020,03665232
Revista Colombiana De Psicología,B,2019,01215469
Agronomía Colombiana,C,2019,01209965
Anuario Colombiano De Historia Social,C,2019,01202456
Forma Y Función,C,2020,0120338X
Acta Agronómica,C,2019,01202812
"Innovar, Revista De Ciencias Administrativas Y Sociales",C,2020,01215051
Revista U.D.C.A. Actualidad & Divulgación Científica,B,2019,01234226
Finanzas Y Política Económica,B,2019,22486046
Cuadernos De Contabilidad,B,2019,01231472
Pensamiento Psicológico,B,2019,16578961
Pensamiento Psicológico,B,2020,16578961
Revista Colombiana De Bioética,B,2019,19006896
Revista Mvz Córdoba,B,2020,01220268
"Tea Tecné, Episteme Y Didaxis",C,2020,01213814
Revista Universidad Y Empresa,C,2019,01244639
Revista Universidad Y Empresa,C,2020,01244639
Fronteras De La Historia,C,2019,20274688
Revista Republicana,C,2019,19094450
Aglala,B,2020,22157360
Enunciación,C,2019,01226339
Colombia Forestal,B,2019,01200739
Revista Colombiana De Psiquiatría,C,2020,00347450
Revista Colombiana De Entomología,C,2020,01200488
Scientia Et Technica,B,2020,01221701
Eidos,B,2020,20117477
Pensamiento & Gestión,B,2020,2145941X
Plumilla Educativa,C,2020,16574672
"Revista Latinoamericana De Ciencias Sociales, Niñez Y Juventud",B,2020,1692715X
Boletín Científico Del Museo De Historia Natural,A1,2019,01233068
Hacia La Promoción De La Salud,B,2019,01217577
Revista Luna Azul,B,2019,19092474
Kepes,A1,2020,17947111
Eleuthera,C,2020,20114532
Jurídicas,B,2020,17942918
Revista Respuestas,B,2020,0122820X
Revista Respuestas,B,2019,0122820X
Revista Colombiana De Tecnologías De Avanzada,B,2019,16927257
Sophia,C,2019,17948932
Psychologia. Avances De La Disciplina,B,2020,19002386
Cuadernos De Lingüística Hispánica,B,2019,0121053X
La Palabra,B,2019,01218530
Revista Latinoamericana De Etnomatemática,C,2020,20115474
Estudios Gerenciales,B,2020,01235923
Duazary,C,2019,17945992
Ingenieria Solidaria,C,2019,19003102
Revista Eia,B,2020,17941237
Anagramas : Rumbos Y Sentidos De La Comunicación,C,2020,16922522
Revista Psicogente,B,2020,01240137
Ciencia e Innovación en Salud,B,2020,23448636
Desarrollo Gerencial,B,2020,21455147
Investigación Y Educación En Enfermería,B,2019,01205307
Contaduría Universidad De Antioquia,C,2019,01204203
Revista Colombiana De Ciencias Pecuarias,B,2020,01200690
Revista De Psicología Universidad De Antioquia,C,2020,21454892
Ces Medicina,C,2020,22159177
Dictamen Libre,C,2020,01240099
Verba Iuris,C,2020,01213474
Academia & Derecho,C,2019,22158944
Revista Cuidarte,B,2019,22160973
MUNDO FESC,C,2020,22160388
Revista Lasallista De Investigación,B,2019,17944449
Revista Lasallista De Investigación,B,2020,17944449
Revista Colombiana De Ciencias Hortícolas,B,2020,20112173
Inge-Cuc,B,2019,01226517
Dimensión Empresarial,B,2020,16928563
Dimensión Empresarial,B,2019,16928563
Encuentros,B,2020,16925858
Encuentros,B,2019,16925858
Revista Logos Ciencia 6& Tecnologia,B,2020,2145549X
Revista Colombiana De Obstetricia Y Ginecología,C,2019,00347434
Revista Colombiana De Obstetricia Y Ginecología,C,2020,00347434
Tesis Psicologica,B,2020,19098391
Historia Crítica,A2,2020,01211617
Prolegomenos : Derechos Y Valores,C,2020,0121182X
"Revista De Relaciones Internacionales, Estrategia Y Seguridad",C,2019,19093063
Revista Facultad De Ciencias Económicas : Investigación Y Reflexión,B,2020,01216805
Equidad & Desarrollo,C,2020,16927311
Actualidades Pedagógicas,C,2020,01201700
Trabajo Social,C,2019,01234986
Acta Biológica Colombiana,B,2019,0120548X
Revista De Salud Pública,C,2020,01240064
Avances De Enfermería,B,2020,01214500
Cuadernos De Geografía,B,2020,0121215X
Caldasia,B,2019,03665232
Revista De La Facultad De Medicina De La Universidad Nacional De Colombia,C,2019,01200011
Revista Colombiana De Anestesiología,B,2019,01203347
Earth Sciences Research Journal,B,2019,17946190
Revista Colombiana De Gastroenterología,C,2019,01209957
Revista De Arquitectura,B,2019,16570308
Revista De Arquitectura,B,2020,16570308
"Cuadernos De Música, Artes Visuales Y Artes Escénicas",C,2020,17946670
Universitas Psychologica,C,2019,16579267
Universitas Philosophica,C,2019,01205323
Cuadernos De Literatura,B,2019,01228102
Magis - Revista Internacional De Investigación En Educación,C,2019,20271174
Criterio Libre Jurídico,C,2019,17947200
Revista Escuela De Administración De Negocios,B,2020,01208160
Estudios Socio-Jurídicos,B,2019,01240579
Desafíos,C,2020,01244035
Suma De Negocios,B,2020,2215910X
Panorama,C,2020,19097433
Panorama,C,2019,19097433
Tecnura,B,2020,0123921X
Revista De Derecho,C,2020,01218697
Pensamiento & Gestión,B,2019,2145941X
